{
  "tag": "eval/unlearning/forget_classification",
  "num_samples": 132,
  "accuracy": 0.4393939393939394,
  "macro_precision": 0.4479210894623453,
  "macro_recall": 0.45116487455197135,
  "macro_f1": 0.3830789648307897,
  "weighted_precision": 0.6994313624998392,
  "weighted_recall": 0.4393939393939394,
  "weighted_f1": 0.5045932114777504,
  "labels": [
    0,
    1,
    2
  ],
  "class_names": [
    "Benign",
    "Potentially_Malignant",
    "Malignant"
  ],
  "per_class": {
    "Benign": {
      "class_id": 0,
      "precision": 0.06382978723404255,
      "recall": 0.375,
      "f1": 0.1090909090909091,
      "support": 8,
      "tp": 3,
      "fp": 44,
      "fn": 5
    },
    "Potentially_Malignant": {
      "class_id": 1,
      "precision": 0.8409090909090909,
      "recall": 0.3978494623655914,
      "f1": 0.5401459854014599,
      "support": 93,
      "tp": 37,
      "fp": 7,
      "fn": 56
    },
    "Malignant": {
      "class_id": 2,
      "precision": 0.43902439024390244,
      "recall": 0.5806451612903226,
      "f1": 0.5,
      "support": 31,
      "tp": 18,
      "fp": 23,
      "fn": 13
    }
  },
  "confusion_matrix": [
    [
      3,
      3,
      2
    ],
    [
      35,
      37,
      21
    ],
    [
      9,
      4,
      18
    ]
  ]
}