{
  "tag": "eval/unlearning/remember_classification",
  "num_samples": 505,
  "accuracy": 0.8752475247524752,
  "macro_precision": 0.8643604745089893,
  "macro_recall": 0.8172296641428849,
  "macro_f1": 0.8377194107690618,
  "weighted_precision": 0.8758498926815759,
  "weighted_recall": 0.8752475247524752,
  "weighted_f1": 0.8742292048618854,
  "labels": [
    0,
    1,
    2
  ],
  "class_names": [
    "Benign",
    "Potentially_Malignant",
    "Malignant"
  ],
  "per_class": {
    "Benign": {
      "class_id": 0,
      "precision": 0.8977272727272727,
      "recall": 0.9294117647058824,
      "f1": 0.9132947976878613,
      "support": 340,
      "tp": 316,
      "fp": 36,
      "fn": 24
    },
    "Potentially_Malignant": {
      "class_id": 1,
      "precision": 0.7722772277227723,
      "recall": 0.7722772277227723,
      "f1": 0.7722772277227723,
      "support": 101,
      "tp": 78,
      "fp": 23,
      "fn": 23
    },
    "Malignant": {
      "class_id": 2,
      "precision": 0.9230769230769231,
      "recall": 0.75,
      "f1": 0.8275862068965517,
      "support": 64,
      "tp": 48,
      "fp": 4,
      "fn": 16
    }
  },
  "confusion_matrix": [
    [
      316,
      21,
      3
    ],
    [
      22,
      78,
      1
    ],
    [
      14,
      2,
      48
    ]
  ]
}