{
  "tag": "eval/unlearning/forget_classification",
  "num_samples": 85,
  "accuracy": 0.8705882352941177,
  "macro_precision": 0.9012470508931582,
  "macro_recall": 0.8616883116883117,
  "macro_f1": 0.8740511839507534,
  "weighted_precision": 0.8851721881877119,
  "weighted_recall": 0.8705882352941177,
  "weighted_f1": 0.8701398581726035,
  "labels": [
    0,
    1,
    2
  ],
  "class_names": [
    "Benign",
    "Potentially_Malignant",
    "Malignant"
  ],
  "per_class": {
    "Benign": {
      "class_id": 0,
      "precision": 0.7906976744186046,
      "recall": 0.9714285714285714,
      "f1": 0.8717948717948717,
      "support": 35,
      "tp": 34,
      "fp": 9,
      "fn": 1
    },
    "Potentially_Malignant": {
      "class_id": 1,
      "precision": 0.9130434782608695,
      "recall": 0.75,
      "f1": 0.8235294117647057,
      "support": 28,
      "tp": 21,
      "fp": 2,
      "fn": 7
    },
    "Malignant": {
      "class_id": 2,
      "precision": 1.0,
      "recall": 0.8636363636363636,
      "f1": 0.9268292682926829,
      "support": 22,
      "tp": 19,
      "fp": 0,
      "fn": 3
    }
  },
  "confusion_matrix": [
    [
      34,
      1,
      0
    ],
    [
      7,
      21,
      0
    ],
    [
      2,
      1,
      19
    ]
  ]
}