{
  "tag": "eval/classification",
  "num_samples": 637,
  "accuracy": 0.8461538461538461,
  "macro_precision": 0.8268494992170651,
  "macro_recall": 0.8093920664916231,
  "macro_f1": 0.8175460519524645,
  "weighted_precision": 0.8446347688710379,
  "weighted_recall": 0.8461538461538461,
  "weighted_f1": 0.8449572286848688,
  "labels": [
    0,
    1,
    2
  ],
  "class_names": [
    "Benign",
    "Potentially_Malignant",
    "Malignant"
  ],
  "per_class": {
    "Benign": {
      "class_id": 0,
      "precision": 0.8729281767955801,
      "recall": 0.9080459770114943,
      "f1": 0.8901408450704226,
      "support": 348,
      "tp": 316,
      "fp": 46,
      "fn": 32
    },
    "Potentially_Malignant": {
      "class_id": 1,
      "precision": 0.8235294117647058,
      "recall": 0.7938144329896907,
      "f1": 0.8083989501312334,
      "support": 194,
      "tp": 154,
      "fp": 33,
      "fn": 40
    },
    "Malignant": {
      "class_id": 2,
      "precision": 0.7840909090909091,
      "recall": 0.7263157894736842,
      "f1": 0.7540983606557377,
      "support": 95,
      "tp": 69,
      "fp": 19,
      "fn": 26
    }
  },
  "confusion_matrix": [
    [
      316,
      22,
      10
    ],
    [
      31,
      154,
      9
    ],
    [
      15,
      11,
      69
    ]
  ]
}