{
  "tag": "eval/unlearning/forget_classification",
  "num_samples": 320,
  "accuracy": 0.44375,
  "macro_precision": 0.5857081891755955,
  "macro_recall": 0.6935283687943263,
  "macro_f1": 0.4904139059694615,
  "weighted_precision": 0.8074523279251954,
  "weighted_recall": 0.44375,
  "weighted_f1": 0.44041977989894654,
  "labels": [
    0,
    1,
    2
  ],
  "class_names": [
    "Benign",
    "Potentially_Malignant",
    "Malignant"
  ],
  "per_class": {
    "Benign": {
      "class_id": 0,
      "precision": 0.9692307692307692,
      "recall": 0.2680851063829787,
      "f1": 0.42,
      "support": 235,
      "tp": 63,
      "fp": 2,
      "fn": 172
    },
    "Potentially_Malignant": {
      "class_id": 1,
      "precision": 0.25728155339805825,
      "recall": 1.0,
      "f1": 0.4092664092664092,
      "support": 53,
      "tp": 53,
      "fp": 153,
      "fn": 0
    },
    "Malignant": {
      "class_id": 2,
      "precision": 0.5306122448979592,
      "recall": 0.8125,
      "f1": 0.6419753086419753,
      "support": 32,
      "tp": 26,
      "fp": 23,
      "fn": 6
    }
  },
  "confusion_matrix": [
    [
      63,
      149,
      23
    ],
    [
      0,
      53,
      0
    ],
    [
      2,
      4,
      26
    ]
  ]
}