{
  "tag": "eval/classification",
  "num_samples": 637,
  "accuracy": 0.7959183673469388,
  "macro_precision": 0.7855500403037631,
  "macro_recall": 0.7511471384944172,
  "macro_f1": 0.75918972707616,
  "weighted_precision": 0.797969313727782,
  "weighted_recall": 0.7959183673469388,
  "weighted_f1": 0.7873855543440448,
  "labels": [
    0,
    1,
    2
  ],
  "class_names": [
    "Benign",
    "Potentially_Malignant",
    "Malignant"
  ],
  "per_class": {
    "Benign": {
      "class_id": 0,
      "precision": 0.8024691358024691,
      "recall": 0.9339080459770115,
      "f1": 0.8632138114209827,
      "support": 348,
      "tp": 325,
      "fp": 80,
      "fn": 23
    },
    "Potentially_Malignant": {
      "class_id": 1,
      "precision": 0.8222222222222222,
      "recall": 0.5721649484536082,
      "f1": 0.6747720364741641,
      "support": 194,
      "tp": 111,
      "fp": 24,
      "fn": 83
    },
    "Malignant": {
      "class_id": 2,
      "precision": 0.7319587628865979,
      "recall": 0.7473684210526316,
      "f1": 0.7395833333333333,
      "support": 95,
      "tp": 71,
      "fp": 26,
      "fn": 24
    }
  },
  "confusion_matrix": [
    [
      325,
      20,
      3
    ],
    [
      60,
      111,
      23
    ],
    [
      20,
      4,
      71
    ]
  ]
}