{
  "tag": "eval/unlearning/forget_classification",
  "num_samples": 320,
  "accuracy": 0.428125,
  "macro_precision": 0.585762176346159,
  "macro_recall": 0.6954343971631206,
  "macro_f1": 0.48260227964060715,
  "weighted_precision": 0.8050834203550487,
  "weighted_recall": 0.428125,
  "weighted_f1": 0.4171122585675068,
  "labels": [
    0,
    1,
    2
  ],
  "class_names": [
    "Benign",
    "Potentially_Malignant",
    "Malignant"
  ],
  "per_class": {
    "Benign": {
      "class_id": 0,
      "precision": 0.9661016949152542,
      "recall": 0.2425531914893617,
      "f1": 0.3877551020408163,
      "support": 235,
      "tp": 57,
      "fp": 2,
      "fn": 178
    },
    "Potentially_Malignant": {
      "class_id": 1,
      "precision": 0.25118483412322273,
      "recall": 1.0,
      "f1": 0.4015151515151515,
      "support": 53,
      "tp": 53,
      "fp": 158,
      "fn": 0
    },
    "Malignant": {
      "class_id": 2,
      "precision": 0.54,
      "recall": 0.84375,
      "f1": 0.6585365853658537,
      "support": 32,
      "tp": 27,
      "fp": 23,
      "fn": 5
    }
  },
  "confusion_matrix": [
    [
      57,
      155,
      23
    ],
    [
      0,
      53,
      0
    ],
    [
      2,
      3,
      27
    ]
  ]
}