{
  "tag": "eval/classification",
  "num_samples": 637,
  "accuracy": 0.39717425431711145,
  "macro_precision": 0.5485605303787122,
  "macro_recall": 0.5319869320178038,
  "macro_f1": 0.3676308322262911,
  "weighted_precision": 0.6402645092883426,
  "weighted_recall": 0.39717425431711145,
  "weighted_f1": 0.2725832772512961,
  "labels": [
    0,
    1,
    2
  ],
  "class_names": [
    "Benign",
    "Potentially_Malignant",
    "Malignant"
  ],
  "per_class": {
    "Benign": {
      "class_id": 0,
      "precision": 0.8461538461538461,
      "recall": 0.031609195402298854,
      "f1": 0.060941828254847646,
      "support": 348,
      "tp": 11,
      "fp": 2,
      "fn": 337
    },
    "Potentially_Malignant": {
      "class_id": 1,
      "precision": 0.378099173553719,
      "recall": 0.9432989690721649,
      "f1": 0.5398230088495576,
      "support": 194,
      "tp": 183,
      "fp": 301,
      "fn": 11
    },
    "Malignant": {
      "class_id": 2,
      "precision": 0.42142857142857143,
      "recall": 0.6210526315789474,
      "f1": 0.5021276595744681,
      "support": 95,
      "tp": 59,
      "fp": 81,
      "fn": 36
    }
  },
  "confusion_matrix": [
    [
      11,
      266,
      71
    ],
    [
      1,
      183,
      10
    ],
    [
      1,
      35,
      59
    ]
  ]
}