{
  "tag": "eval/classification",
  "num_samples": 637,
  "accuracy": 0.7598116169544741,
  "macro_precision": 0.751553032813388,
  "macro_recall": 0.712191932610291,
  "macro_f1": 0.728805706982372,
  "weighted_precision": 0.7579230756178486,
  "weighted_recall": 0.7598116169544741,
  "weighted_f1": 0.7565379303958156,
  "labels": [
    0,
    1,
    2
  ],
  "class_names": [
    "Benign",
    "Potentially_Malignant",
    "Malignant"
  ],
  "per_class": {
    "Benign": {
      "class_id": 0,
      "precision": 0.774869109947644,
      "recall": 0.8505747126436781,
      "f1": 0.810958904109589,
      "support": 348,
      "tp": 296,
      "fp": 86,
      "fn": 52
    },
    "Potentially_Malignant": {
      "class_id": 1,
      "precision": 0.7329545454545454,
      "recall": 0.6649484536082474,
      "f1": 0.6972972972972973,
      "support": 194,
      "tp": 129,
      "fp": 47,
      "fn": 65
    },
    "Malignant": {
      "class_id": 2,
      "precision": 0.7468354430379747,
      "recall": 0.6210526315789474,
      "f1": 0.6781609195402298,
      "support": 95,
      "tp": 59,
      "fp": 20,
      "fn": 36
    }
  },
  "confusion_matrix": [
    [
      296,
      40,
      12
    ],
    [
      57,
      129,
      8
    ],
    [
      29,
      7,
      59
    ]
  ]
}