{
  "tag": "eval/unlearning/forget_classification",
  "num_samples": 320,
  "accuracy": 0.684375,
  "macro_precision": 0.6505617611752019,
  "macro_recall": 0.7881356215709889,
  "macro_f1": 0.6639153439153439,
  "weighted_precision": 0.8257759758591222,
  "weighted_recall": 0.684375,
  "weighted_f1": 0.7068829365079365,
  "labels": [
    0,
    1,
    2
  ],
  "class_names": [
    "Benign",
    "Potentially_Malignant",
    "Malignant"
  ],
  "per_class": {
    "Benign": {
      "class_id": 0,
      "precision": 0.9533333333333334,
      "recall": 0.6085106382978723,
      "f1": 0.7428571428571428,
      "support": 235,
      "tp": 143,
      "fp": 7,
      "fn": 92
    },
    "Potentially_Malignant": {
      "class_id": 1,
      "precision": 0.3937007874015748,
      "recall": 0.9433962264150944,
      "f1": 0.5555555555555556,
      "support": 53,
      "tp": 50,
      "fp": 77,
      "fn": 3
    },
    "Malignant": {
      "class_id": 2,
      "precision": 0.6046511627906976,
      "recall": 0.8125,
      "f1": 0.6933333333333334,
      "support": 32,
      "tp": 26,
      "fp": 17,
      "fn": 6
    }
  },
  "confusion_matrix": [
    [
      143,
      75,
      17
    ],
    [
      3,
      50,
      0
    ],
    [
      4,
      2,
      26
    ]
  ]
}