{
  "tag": "eval/classification",
  "num_samples": 637,
  "accuracy": 0.5886970172684458,
  "macro_precision": 0.6316111755968264,
  "macro_recall": 0.6466624257052157,
  "macro_f1": 0.587564054243333,
  "weighted_precision": 0.7220044886812332,
  "weighted_recall": 0.5886970172684458,
  "weighted_f1": 0.5884419315218722,
  "labels": [
    0,
    1,
    2
  ],
  "class_names": [
    "Benign",
    "Potentially_Malignant",
    "Malignant"
  ],
  "per_class": {
    "Benign": {
      "class_id": 0,
      "precision": 0.9259259259259259,
      "recall": 0.43103448275862066,
      "f1": 0.5882352941176471,
      "support": 348,
      "tp": 150,
      "fp": 12,
      "fn": 198
    },
    "Potentially_Malignant": {
      "class_id": 1,
      "precision": 0.4610951008645533,
      "recall": 0.8247422680412371,
      "f1": 0.5914972273567468,
      "support": 194,
      "tp": 160,
      "fp": 187,
      "fn": 34
    },
    "Malignant": {
      "class_id": 2,
      "precision": 0.5078125,
      "recall": 0.6842105263157895,
      "f1": 0.5829596412556054,
      "support": 95,
      "tp": 65,
      "fp": 63,
      "fn": 30
    }
  },
  "confusion_matrix": [
    [
      150,
      159,
      39
    ],
    [
      10,
      160,
      24
    ],
    [
      2,
      28,
      65
    ]
  ]
}