{
  "tag": "eval/unlearning/forget_classification",
  "num_samples": 106,
  "accuracy": 0.46226415094339623,
  "macro_precision": 0.50159767610748,
  "macro_recall": 0.648888888888889,
  "macro_f1": 0.4352885826172388,
  "weighted_precision": 0.7333353886628026,
  "weighted_recall": 0.46226415094339623,
  "weighted_f1": 0.516807170265611,
  "labels": [
    0,
    1,
    2
  ],
  "class_names": [
    "Benign",
    "Potentially_Malignant",
    "Malignant"
  ],
  "per_class": {
    "Benign": {
      "class_id": 0,
      "precision": 0.13333333333333333,
      "recall": 1.0,
      "f1": 0.23529411764705882,
      "support": 6,
      "tp": 6,
      "fp": 39,
      "fn": 0
    },
    "Potentially_Malignant": {
      "class_id": 1,
      "precision": 0.8529411764705882,
      "recall": 0.38666666666666666,
      "f1": 0.5321100917431193,
      "support": 75,
      "tp": 29,
      "fp": 5,
      "fn": 46
    },
    "Malignant": {
      "class_id": 2,
      "precision": 0.5185185185185185,
      "recall": 0.56,
      "f1": 0.5384615384615384,
      "support": 25,
      "tp": 14,
      "fp": 13,
      "fn": 11
    }
  },
  "confusion_matrix": [
    [
      6,
      0,
      0
    ],
    [
      33,
      29,
      13
    ],
    [
      6,
      5,
      14
    ]
  ]
}