{
  "tag": "eval/classification",
  "num_samples": 637,
  "accuracy": 0.8602825745682888,
  "macro_precision": 0.8510067986632098,
  "macro_recall": 0.8439632824210069,
  "macro_f1": 0.8460387239301479,
  "weighted_precision": 0.8643169101267681,
  "weighted_recall": 0.8602825745682888,
  "weighted_f1": 0.8611351118019004,
  "labels": [
    0,
    1,
    2
  ],
  "class_names": [
    "Benign",
    "Potentially_Malignant",
    "Malignant"
  ],
  "per_class": {
    "Benign": {
      "class_id": 0,
      "precision": 0.9131736526946108,
      "recall": 0.8764367816091954,
      "f1": 0.8944281524926686,
      "support": 348,
      "tp": 305,
      "fp": 29,
      "fn": 43
    },
    "Potentially_Malignant": {
      "class_id": 1,
      "precision": 0.7777777777777778,
      "recall": 0.865979381443299,
      "f1": 0.8195121951219512,
      "support": 194,
      "tp": 168,
      "fp": 48,
      "fn": 26
    },
    "Malignant": {
      "class_id": 2,
      "precision": 0.8620689655172413,
      "recall": 0.7894736842105263,
      "f1": 0.8241758241758241,
      "support": 95,
      "tp": 75,
      "fp": 12,
      "fn": 20
    }
  },
  "confusion_matrix": [
    [
      305,
      38,
      5
    ],
    [
      19,
      168,
      7
    ],
    [
      10,
      10,
      75
    ]
  ]
}