{
  "tag": "eval/classification",
  "num_samples": 637,
  "accuracy": 0.7472527472527473,
  "macro_precision": 0.7416118333065853,
  "macro_recall": 0.6933935591437415,
  "macro_f1": 0.7117169236366946,
  "weighted_precision": 0.7444409466316063,
  "weighted_recall": 0.7472527472527473,
  "weighted_f1": 0.7403247544806519,
  "labels": [
    0,
    1,
    2
  ],
  "class_names": [
    "Benign",
    "Potentially_Malignant",
    "Malignant"
  ],
  "per_class": {
    "Benign": {
      "class_id": 0,
      "precision": 0.7587064676616916,
      "recall": 0.8764367816091954,
      "f1": 0.8133333333333334,
      "support": 348,
      "tp": 305,
      "fp": 97,
      "fn": 43
    },
    "Potentially_Malignant": {
      "class_id": 1,
      "precision": 0.7161290322580646,
      "recall": 0.5721649484536082,
      "f1": 0.6361031518624642,
      "support": 194,
      "tp": 111,
      "fp": 44,
      "fn": 83
    },
    "Malignant": {
      "class_id": 2,
      "precision": 0.75,
      "recall": 0.631578947368421,
      "f1": 0.6857142857142857,
      "support": 95,
      "tp": 60,
      "fp": 20,
      "fn": 35
    }
  },
  "confusion_matrix": [
    [
      305,
      35,
      8
    ],
    [
      71,
      111,
      12
    ],
    [
      26,
      9,
      60
    ]
  ]
}