{
  "tag": "eval/unlearning/remember_classification",
  "num_samples": 531,
  "accuracy": 0.7702448210922788,
  "macro_precision": 0.7482516775810494,
  "macro_recall": 0.7128475349786826,
  "macro_f1": 0.7276673367448486,
  "weighted_precision": 0.7647975072545589,
  "weighted_recall": 0.7702448210922788,
  "weighted_f1": 0.7648428259171967,
  "labels": [
    0,
    1,
    2
  ],
  "class_names": [
    "Benign",
    "Potentially_Malignant",
    "Malignant"
  ],
  "per_class": {
    "Benign": {
      "class_id": 0,
      "precision": 0.8035714285714286,
      "recall": 0.8852459016393442,
      "f1": 0.8424336973478941,
      "support": 305,
      "tp": 270,
      "fp": 66,
      "fn": 35
    },
    "Potentially_Malignant": {
      "class_id": 1,
      "precision": 0.6992481203007519,
      "recall": 0.5961538461538461,
      "f1": 0.6435986159169549,
      "support": 156,
      "tp": 93,
      "fp": 40,
      "fn": 63
    },
    "Malignant": {
      "class_id": 2,
      "precision": 0.7419354838709677,
      "recall": 0.6571428571428571,
      "f1": 0.6969696969696969,
      "support": 70,
      "tp": 46,
      "fp": 16,
      "fn": 24
    }
  },
  "confusion_matrix": [
    [
      270,
      31,
      4
    ],
    [
      51,
      93,
      12
    ],
    [
      15,
      9,
      46
    ]
  ]
}