{
  "tag": "eval/classification",
  "num_samples": 637,
  "accuracy": 0.7158555729984302,
  "macro_precision": 0.6815213928773142,
  "macro_recall": 0.6937611091361536,
  "macro_f1": 0.6655758219027316,
  "weighted_precision": 0.7268708521509121,
  "weighted_recall": 0.7158555729984302,
  "weighted_f1": 0.7047284231147235,
  "labels": [
    0,
    1,
    2
  ],
  "class_names": [
    "Benign",
    "Potentially_Malignant",
    "Malignant"
  ],
  "per_class": {
    "Benign": {
      "class_id": 0,
      "precision": 0.7774869109947644,
      "recall": 0.853448275862069,
      "f1": 0.8136986301369863,
      "support": 348,
      "tp": 297,
      "fp": 85,
      "fn": 51
    },
    "Potentially_Malignant": {
      "class_id": 1,
      "precision": 0.7280701754385965,
      "recall": 0.42783505154639173,
      "f1": 0.538961038961039,
      "support": 194,
      "tp": 83,
      "fp": 31,
      "fn": 111
    },
    "Malignant": {
      "class_id": 2,
      "precision": 0.5390070921985816,
      "recall": 0.8,
      "f1": 0.6440677966101694,
      "support": 95,
      "tp": 76,
      "fp": 65,
      "fn": 19
    }
  },
  "confusion_matrix": [
    [
      297,
      29,
      22
    ],
    [
      68,
      83,
      43
    ],
    [
      17,
      2,
      76
    ]
  ]
}