{
  "tag": "eval/unlearning/remember_classification",
  "num_samples": 405,
  "accuracy": 0.8567901234567902,
  "macro_precision": 0.8303613893281789,
  "macro_recall": 0.8193415637860082,
  "macro_f1": 0.8243592616051026,
  "weighted_precision": 0.857611667545247,
  "weighted_recall": 0.8567901234567902,
  "weighted_f1": 0.8569858114774936,
  "labels": [
    0,
    1,
    2
  ],
  "class_names": [
    "Benign",
    "Potentially_Malignant",
    "Malignant"
  ],
  "per_class": {
    "Benign": {
      "class_id": 0,
      "precision": 0.8929889298892989,
      "recall": 0.8962962962962963,
      "f1": 0.8946395563770794,
      "support": 270,
      "tp": 242,
      "fp": 29,
      "fn": 28
    },
    "Potentially_Malignant": {
      "class_id": 1,
      "precision": 0.7380952380952381,
      "recall": 0.7654320987654321,
      "f1": 0.7515151515151515,
      "support": 81,
      "tp": 62,
      "fp": 22,
      "fn": 19
    },
    "Malignant": {
      "class_id": 2,
      "precision": 0.86,
      "recall": 0.7962962962962963,
      "f1": 0.826923076923077,
      "support": 54,
      "tp": 43,
      "fp": 7,
      "fn": 11
    }
  },
  "confusion_matrix": [
    [
      242,
      22,
      6
    ],
    [
      18,
      62,
      1
    ],
    [
      11,
      0,
      43
    ]
  ]
}