{
  "tag": "eval/unlearning/forget_classification",
  "num_samples": 106,
  "accuracy": 0.39622641509433965,
  "macro_precision": 0.49610961365678347,
  "macro_recall": 0.5066666666666667,
  "macro_f1": 0.38034337118095546,
  "weighted_precision": 0.7586520368204243,
  "weighted_recall": 0.39622641509433965,
  "weighted_f1": 0.47378609728608634,
  "labels": [
    0,
    1,
    2
  ],
  "class_names": [
    "Benign",
    "Potentially_Malignant",
    "Malignant"
  ],
  "per_class": {
    "Benign": {
      "class_id": 0,
      "precision": 0.07547169811320754,
      "recall": 0.6666666666666666,
      "f1": 0.13559322033898305,
      "support": 6,
      "tp": 4,
      "fp": 49,
      "fn": 2
    },
    "Potentially_Malignant": {
      "class_id": 1,
      "precision": 0.8928571428571429,
      "recall": 0.3333333333333333,
      "f1": 0.48543689320388345,
      "support": 75,
      "tp": 25,
      "fp": 3,
      "fn": 50
    },
    "Malignant": {
      "class_id": 2,
      "precision": 0.52,
      "recall": 0.52,
      "f1": 0.52,
      "support": 25,
      "tp": 13,
      "fp": 12,
      "fn": 12
    }
  },
  "confusion_matrix": [
    [
      4,
      1,
      1
    ],
    [
      39,
      25,
      11
    ],
    [
      10,
      2,
      13
    ]
  ]
}