{
  "tag": "eval/classification",
  "num_samples": 637,
  "accuracy": 0.7864992150706437,
  "macro_precision": 0.7713358009967032,
  "macro_recall": 0.7356868590483199,
  "macro_f1": 0.746942785298602,
  "weighted_precision": 0.7861671352110627,
  "weighted_recall": 0.7864992150706437,
  "weighted_f1": 0.7793204602030438,
  "labels": [
    0,
    1,
    2
  ],
  "class_names": [
    "Benign",
    "Potentially_Malignant",
    "Malignant"
  ],
  "per_class": {
    "Benign": {
      "class_id": 0,
      "precision": 0.7980049875311721,
      "recall": 0.9195402298850575,
      "f1": 0.8544726301735648,
      "support": 348,
      "tp": 320,
      "fp": 81,
      "fn": 28
    },
    "Potentially_Malignant": {
      "class_id": 1,
      "precision": 0.7986111111111112,
      "recall": 0.5927835051546392,
      "f1": 0.680473372781065,
      "support": 194,
      "tp": 115,
      "fp": 29,
      "fn": 79
    },
    "Malignant": {
      "class_id": 2,
      "precision": 0.717391304347826,
      "recall": 0.6947368421052632,
      "f1": 0.7058823529411765,
      "support": 95,
      "tp": 66,
      "fp": 26,
      "fn": 29
    }
  },
  "confusion_matrix": [
    [
      320,
      23,
      5
    ],
    [
      58,
      115,
      21
    ],
    [
      23,
      6,
      66
    ]
  ]
}