{
  "tag": "eval/unlearning/forget_classification",
  "num_samples": 399,
  "accuracy": 0.8020050125313283,
  "macro_precision": 0.7567097412562137,
  "macro_recall": 0.8436008436008436,
  "macro_f1": 0.7692801026134358,
  "weighted_precision": 0.8783683733409672,
  "weighted_recall": 0.8020050125313283,
  "weighted_f1": 0.8186483524829388,
  "labels": [
    0,
    1,
    2
  ],
  "class_names": [
    "Benign",
    "Potentially_Malignant",
    "Malignant"
  ],
  "per_class": {
    "Benign": {
      "class_id": 0,
      "precision": 0.9702127659574468,
      "recall": 0.7676767676767676,
      "f1": 0.857142857142857,
      "support": 297,
      "tp": 228,
      "fp": 7,
      "fn": 69
    },
    "Potentially_Malignant": {
      "class_id": 1,
      "precision": 0.48412698412698413,
      "recall": 0.9682539682539683,
      "f1": 0.6455026455026455,
      "support": 63,
      "tp": 61,
      "fp": 65,
      "fn": 2
    },
    "Malignant": {
      "class_id": 2,
      "precision": 0.8157894736842105,
      "recall": 0.7948717948717948,
      "f1": 0.8051948051948051,
      "support": 39,
      "tp": 31,
      "fp": 7,
      "fn": 8
    }
  },
  "confusion_matrix": [
    [
      228,
      63,
      6
    ],
    [
      1,
      61,
      1
    ],
    [
      6,
      2,
      31
    ]
  ]
}