{
  "tag": "eval/classification",
  "num_samples": 637,
  "accuracy": 0.7205651491365777,
  "macro_precision": 0.7123304473184796,
  "macro_recall": 0.7319541893007195,
  "macro_f1": 0.7074876462212792,
  "weighted_precision": 0.7681822133909925,
  "weighted_recall": 0.7205651491365777,
  "weighted_f1": 0.7264658702004405,
  "labels": [
    0,
    1,
    2
  ],
  "class_names": [
    "Benign",
    "Potentially_Malignant",
    "Malignant"
  ],
  "per_class": {
    "Benign": {
      "class_id": 0,
      "precision": 0.905511811023622,
      "recall": 0.6609195402298851,
      "f1": 0.7641196013289037,
      "support": 348,
      "tp": 230,
      "fp": 24,
      "fn": 118
    },
    "Potentially_Malignant": {
      "class_id": 1,
      "precision": 0.5780141843971631,
      "recall": 0.8402061855670103,
      "f1": 0.6848739495798319,
      "support": 194,
      "tp": 163,
      "fp": 119,
      "fn": 31
    },
    "Malignant": {
      "class_id": 2,
      "precision": 0.6534653465346535,
      "recall": 0.6947368421052632,
      "f1": 0.6734693877551021,
      "support": 95,
      "tp": 66,
      "fp": 35,
      "fn": 29
    }
  },
  "confusion_matrix": [
    [
      230,
      98,
      20
    ],
    [
      16,
      163,
      15
    ],
    [
      8,
      21,
      66
    ]
  ]
}