{
  "tag": "eval/unlearning/forget_classification",
  "num_samples": 106,
  "accuracy": 0.4056603773584906,
  "macro_precision": 0.4714285714285715,
  "macro_recall": 0.5111111111111111,
  "macro_f1": 0.3779840937073642,
  "weighted_precision": 0.7274258760107817,
  "weighted_recall": 0.4056603773584906,
  "weighted_f1": 0.4744895941051156,
  "labels": [
    0,
    1,
    2
  ],
  "class_names": [
    "Benign",
    "Potentially_Malignant",
    "Malignant"
  ],
  "per_class": {
    "Benign": {
      "class_id": 0,
      "precision": 0.08333333333333333,
      "recall": 0.6666666666666666,
      "f1": 0.14814814814814814,
      "support": 6,
      "tp": 4,
      "fp": 44,
      "fn": 2
    },
    "Potentially_Malignant": {
      "class_id": 1,
      "precision": 0.8666666666666667,
      "recall": 0.3466666666666667,
      "f1": 0.49523809523809526,
      "support": 75,
      "tp": 26,
      "fp": 4,
      "fn": 49
    },
    "Malignant": {
      "class_id": 2,
      "precision": 0.4642857142857143,
      "recall": 0.52,
      "f1": 0.49056603773584906,
      "support": 25,
      "tp": 13,
      "fp": 15,
      "fn": 12
    }
  },
  "confusion_matrix": [
    [
      4,
      2,
      0
    ],
    [
      34,
      26,
      15
    ],
    [
      10,
      2,
      13
    ]
  ]
}