{
  "tag": "eval/classification",
  "num_samples": 637,
  "accuracy": 0.8178963893249608,
  "macro_precision": 0.7796305104851164,
  "macro_recall": 0.7688002444789541,
  "macro_f1": 0.76950272968088,
  "weighted_precision": 0.8213021748888926,
  "weighted_recall": 0.8178963893249608,
  "weighted_f1": 0.8152356893702005,
  "labels": [
    0,
    1,
    2
  ],
  "class_names": [
    "Benign",
    "Potentially_Malignant",
    "Malignant"
  ],
  "per_class": {
    "Benign": {
      "class_id": 0,
      "precision": 0.8571428571428571,
      "recall": 0.9310344827586207,
      "f1": 0.8925619834710744,
      "support": 348,
      "tp": 324,
      "fp": 54,
      "fn": 24
    },
    "Potentially_Malignant": {
      "class_id": 1,
      "precision": 0.8496732026143791,
      "recall": 0.6701030927835051,
      "f1": 0.7492795389048992,
      "support": 194,
      "tp": 130,
      "fp": 23,
      "fn": 64
    },
    "Malignant": {
      "class_id": 2,
      "precision": 0.6320754716981132,
      "recall": 0.7052631578947368,
      "f1": 0.6666666666666666,
      "support": 95,
      "tp": 67,
      "fp": 39,
      "fn": 28
    }
  },
  "confusion_matrix": [
    [
      324,
      16,
      8
    ],
    [
      33,
      130,
      31
    ],
    [
      21,
      7,
      67
    ]
  ]
}