{
  "tag": "eval/unlearning/remember_classification",
  "num_samples": 407,
  "accuracy": 0.85995085995086,
  "macro_precision": 0.833015677535382,
  "macro_recall": 0.8410390422585543,
  "macro_f1": 0.8344402829796088,
  "weighted_precision": 0.8689902716996313,
  "weighted_recall": 0.85995085995086,
  "weighted_f1": 0.8627953387503949,
  "labels": [
    0,
    1,
    2
  ],
  "class_names": [
    "Benign",
    "Potentially_Malignant",
    "Malignant"
  ],
  "per_class": {
    "Benign": {
      "class_id": 0,
      "precision": 0.9195402298850575,
      "recall": 0.8791208791208791,
      "f1": 0.898876404494382,
      "support": 273,
      "tp": 240,
      "fp": 21,
      "fn": 33
    },
    "Potentially_Malignant": {
      "class_id": 1,
      "precision": 0.6836734693877551,
      "recall": 0.8170731707317073,
      "f1": 0.7444444444444445,
      "support": 82,
      "tp": 67,
      "fp": 31,
      "fn": 15
    },
    "Malignant": {
      "class_id": 2,
      "precision": 0.8958333333333334,
      "recall": 0.8269230769230769,
      "f1": 0.86,
      "support": 52,
      "tp": 43,
      "fp": 5,
      "fn": 9
    }
  },
  "confusion_matrix": [
    [
      240,
      29,
      4
    ],
    [
      14,
      67,
      1
    ],
    [
      7,
      2,
      43
    ]
  ]
}