{
  "tag": "eval/unlearning/forget_classification",
  "num_samples": 107,
  "accuracy": 0.3644859813084112,
  "macro_precision": 0.4305027862208713,
  "macro_recall": 0.4184126984126984,
  "macro_f1": 0.33795113457862563,
  "weighted_precision": 0.6748616950259921,
  "weighted_recall": 0.3644859813084112,
  "weighted_f1": 0.42688254374556595,
  "labels": [
    0,
    1,
    2
  ],
  "class_names": [
    "Benign",
    "Potentially_Malignant",
    "Malignant"
  ],
  "per_class": {
    "Benign": {
      "class_id": 0,
      "precision": 0.06382978723404255,
      "recall": 0.42857142857142855,
      "f1": 0.1111111111111111,
      "support": 7,
      "tp": 3,
      "fp": 44,
      "fn": 4
    },
    "Potentially_Malignant": {
      "class_id": 1,
      "precision": 0.8214285714285714,
      "recall": 0.30666666666666664,
      "f1": 0.44660194174757273,
      "support": 75,
      "tp": 23,
      "fp": 5,
      "fn": 52
    },
    "Malignant": {
      "class_id": 2,
      "precision": 0.40625,
      "recall": 0.52,
      "f1": 0.45614035087719296,
      "support": 25,
      "tp": 13,
      "fp": 19,
      "fn": 12
    }
  },
  "confusion_matrix": [
    [
      3,
      3,
      1
    ],
    [
      34,
      23,
      18
    ],
    [
      10,
      2,
      13
    ]
  ]
}