{
  "tag": "eval/unlearning/forget_classification",
  "num_samples": 85,
  "accuracy": 0.7764705882352941,
  "macro_precision": 0.8555555555555555,
  "macro_recall": 0.7632034632034633,
  "macro_f1": 0.7715023994093761,
  "weighted_precision": 0.8368627450980392,
  "weighted_recall": 0.7764705882352941,
  "weighted_f1": 0.7670379779818904,
  "labels": [
    0,
    1,
    2
  ],
  "class_names": [
    "Benign",
    "Potentially_Malignant",
    "Malignant"
  ],
  "per_class": {
    "Benign": {
      "class_id": 0,
      "precision": 0.6666666666666666,
      "recall": 0.9714285714285714,
      "f1": 0.7906976744186046,
      "support": 35,
      "tp": 34,
      "fp": 17,
      "fn": 1
    },
    "Potentially_Malignant": {
      "class_id": 1,
      "precision": 1.0,
      "recall": 0.5,
      "f1": 0.6666666666666666,
      "support": 28,
      "tp": 14,
      "fp": 0,
      "fn": 14
    },
    "Malignant": {
      "class_id": 2,
      "precision": 0.9,
      "recall": 0.8181818181818182,
      "f1": 0.8571428571428572,
      "support": 22,
      "tp": 18,
      "fp": 2,
      "fn": 4
    }
  },
  "confusion_matrix": [
    [
      34,
      0,
      1
    ],
    [
      13,
      14,
      1
    ],
    [
      4,
      0,
      18
    ]
  ]
}