{
  "tag": "eval/unlearning/remember_classification",
  "num_samples": 193,
  "accuracy": 0.7979274611398963,
  "macro_precision": 0.7871717171717171,
  "macro_recall": 0.788429669561745,
  "macro_f1": 0.7786346124210203,
  "weighted_precision": 0.809707960433349,
  "weighted_recall": 0.7979274611398963,
  "weighted_f1": 0.7973456555014984,
  "labels": [
    0,
    1,
    2
  ],
  "class_names": [
    "Benign",
    "Potentially_Malignant",
    "Malignant"
  ],
  "per_class": {
    "Benign": {
      "class_id": 0,
      "precision": 0.8181818181818182,
      "recall": 0.6428571428571429,
      "f1": 0.7200000000000001,
      "support": 42,
      "tp": 27,
      "fp": 6,
      "fn": 15
    },
    "Potentially_Malignant": {
      "class_id": 1,
      "precision": 0.86,
      "recall": 0.8113207547169812,
      "f1": 0.8349514563106797,
      "support": 106,
      "tp": 86,
      "fp": 14,
      "fn": 20
    },
    "Malignant": {
      "class_id": 2,
      "precision": 0.6833333333333333,
      "recall": 0.9111111111111111,
      "f1": 0.7809523809523808,
      "support": 45,
      "tp": 41,
      "fp": 19,
      "fn": 4
    }
  },
  "confusion_matrix": [
    [
      27,
      10,
      5
    ],
    [
      6,
      86,
      14
    ],
    [
      0,
      4,
      41
    ]
  ]
}