{
  "tag": "eval/classification",
  "num_samples": 514,
  "accuracy": 0.6556420233463035,
  "macro_precision": 0.680381940840685,
  "macro_recall": 0.7445915019163426,
  "macro_f1": 0.661794351034256,
  "weighted_precision": 0.760176617754256,
  "weighted_recall": 0.6556420233463035,
  "weighted_f1": 0.649096849547278,
  "labels": [
    0,
    1,
    2
  ],
  "class_names": [
    "Benign",
    "Potentially_Malignant",
    "Malignant"
  ],
  "per_class": {
    "Benign": {
      "class_id": 0,
      "precision": 0.9361702127659575,
      "recall": 0.4714285714285714,
      "f1": 0.6270783847980997,
      "support": 280,
      "tp": 132,
      "fp": 9,
      "fn": 148
    },
    "Potentially_Malignant": {
      "class_id": 1,
      "precision": 0.544,
      "recall": 0.8662420382165605,
      "f1": 0.6683046683046684,
      "support": 157,
      "tp": 136,
      "fp": 114,
      "fn": 21
    },
    "Malignant": {
      "class_id": 2,
      "precision": 0.5609756097560976,
      "recall": 0.8961038961038961,
      "f1": 0.69,
      "support": 77,
      "tp": 69,
      "fp": 54,
      "fn": 8
    }
  },
  "confusion_matrix": [
    [
      132,
      108,
      40
    ],
    [
      7,
      136,
      14
    ],
    [
      2,
      6,
      69
    ]
  ]
}