{
  "tag": "eval/classification",
  "num_samples": 637,
  "accuracy": 0.7362637362637363,
  "macro_precision": 0.7042579514601807,
  "macro_recall": 0.7094261604954442,
  "macro_f1": 0.6966789556726577,
  "weighted_precision": 0.7427734378389825,
  "weighted_recall": 0.7362637362637363,
  "weighted_f1": 0.7316369495663996,
  "labels": [
    0,
    1,
    2
  ],
  "class_names": [
    "Benign",
    "Potentially_Malignant",
    "Malignant"
  ],
  "per_class": {
    "Benign": {
      "class_id": 0,
      "precision": 0.7819148936170213,
      "recall": 0.8448275862068966,
      "f1": 0.8121546961325967,
      "support": 348,
      "tp": 294,
      "fp": 82,
      "fn": 54
    },
    "Potentially_Malignant": {
      "class_id": 1,
      "precision": 0.7536231884057971,
      "recall": 0.5360824742268041,
      "f1": 0.6265060240963854,
      "support": 194,
      "tp": 104,
      "fp": 34,
      "fn": 90
    },
    "Malignant": {
      "class_id": 2,
      "precision": 0.5772357723577236,
      "recall": 0.7473684210526316,
      "f1": 0.6513761467889908,
      "support": 95,
      "tp": 71,
      "fp": 52,
      "fn": 24
    }
  },
  "confusion_matrix": [
    [
      294,
      31,
      23
    ],
    [
      61,
      104,
      29
    ],
    [
      21,
      3,
      71
    ]
  ]
}