{
  "tag": "eval/classification",
  "num_samples": 637,
  "accuracy": 0.7566718995290423,
  "macro_precision": 0.7711716605834252,
  "macro_recall": 0.6971294511904835,
  "macro_f1": 0.7217313294495763,
  "weighted_precision": 0.7612195674140453,
  "weighted_recall": 0.7566718995290423,
  "weighted_f1": 0.7468385356873456,
  "labels": [
    0,
    1,
    2
  ],
  "class_names": [
    "Benign",
    "Potentially_Malignant",
    "Malignant"
  ],
  "per_class": {
    "Benign": {
      "class_id": 0,
      "precision": 0.7435294117647059,
      "recall": 0.9080459770114943,
      "f1": 0.817593790426908,
      "support": 348,
      "tp": 316,
      "fp": 109,
      "fn": 32
    },
    "Potentially_Malignant": {
      "class_id": 1,
      "precision": 0.7777777777777778,
      "recall": 0.5412371134020618,
      "f1": 0.6382978723404256,
      "support": 194,
      "tp": 105,
      "fp": 30,
      "fn": 89
    },
    "Malignant": {
      "class_id": 2,
      "precision": 0.7922077922077922,
      "recall": 0.6421052631578947,
      "f1": 0.7093023255813953,
      "support": 95,
      "tp": 61,
      "fp": 16,
      "fn": 34
    }
  },
  "confusion_matrix": [
    [
      316,
      26,
      6
    ],
    [
      79,
      105,
      10
    ],
    [
      30,
      4,
      61
    ]
  ]
}