{
  "tag": "eval/unlearning/forget_classification",
  "num_samples": 132,
  "accuracy": 0.2727272727272727,
  "macro_precision": 0.40003046524785657,
  "macro_recall": 0.3888888888888889,
  "macro_f1": 0.27809330628803247,
  "weighted_precision": 0.619326836718141,
  "weighted_recall": 0.2727272727272727,
  "weighted_f1": 0.3161749339234126,
  "labels": [
    0,
    1,
    2
  ],
  "class_names": [
    "Benign",
    "Potentially_Malignant",
    "Malignant"
  ],
  "per_class": {
    "Benign": {
      "class_id": 0,
      "precision": 0.05555555555555555,
      "recall": 0.5,
      "f1": 0.09999999999999999,
      "support": 8,
      "tp": 4,
      "fp": 68,
      "fn": 4
    },
    "Potentially_Malignant": {
      "class_id": 1,
      "precision": 0.7391304347826086,
      "recall": 0.1827956989247312,
      "f1": 0.2931034482758621,
      "support": 93,
      "tp": 17,
      "fp": 6,
      "fn": 76
    },
    "Malignant": {
      "class_id": 2,
      "precision": 0.40540540540540543,
      "recall": 0.4838709677419355,
      "f1": 0.4411764705882353,
      "support": 31,
      "tp": 15,
      "fp": 22,
      "fn": 16
    }
  },
  "confusion_matrix": [
    [
      4,
      4,
      0
    ],
    [
      54,
      17,
      22
    ],
    [
      14,
      2,
      15
    ]
  ]
}