{
  "tag": "eval/classification",
  "num_samples": 637,
  "accuracy": 0.7331240188383046,
  "macro_precision": 0.7382327071430876,
  "macro_recall": 0.6647828690104215,
  "macro_f1": 0.6738699343757358,
  "weighted_precision": 0.7458240914558611,
  "weighted_recall": 0.7331240188383046,
  "weighted_f1": 0.7110111872771906,
  "labels": [
    0,
    1,
    2
  ],
  "class_names": [
    "Benign",
    "Potentially_Malignant",
    "Malignant"
  ],
  "per_class": {
    "Benign": {
      "class_id": 0,
      "precision": 0.7282850779510023,
      "recall": 0.9396551724137931,
      "f1": 0.820577164366374,
      "support": 348,
      "tp": 327,
      "fp": 122,
      "fn": 21
    },
    "Potentially_Malignant": {
      "class_id": 1,
      "precision": 0.8125,
      "recall": 0.4020618556701031,
      "f1": 0.5379310344827587,
      "support": 194,
      "tp": 78,
      "fp": 18,
      "fn": 116
    },
    "Malignant": {
      "class_id": 2,
      "precision": 0.6739130434782609,
      "recall": 0.6526315789473685,
      "f1": 0.6631016042780747,
      "support": 95,
      "tp": 62,
      "fp": 30,
      "fn": 33
    }
  },
  "confusion_matrix": [
    [
      327,
      15,
      6
    ],
    [
      92,
      78,
      24
    ],
    [
      30,
      3,
      62
    ]
  ]
}