{
  "tag": "eval/unlearning/remember_classification",
  "num_samples": 428,
  "accuracy": 0.7757009345794392,
  "macro_precision": 0.7236363693059921,
  "macro_recall": 0.7198790627362056,
  "macro_f1": 0.7182421308295434,
  "weighted_precision": 0.7747221139561625,
  "weighted_recall": 0.7757009345794392,
  "weighted_f1": 0.7721775425193503,
  "labels": [
    0,
    1,
    2
  ],
  "class_names": [
    "Benign",
    "Potentially_Malignant",
    "Malignant"
  ],
  "per_class": {
    "Benign": {
      "class_id": 0,
      "precision": 0.8320610687022901,
      "recall": 0.889795918367347,
      "f1": 0.8599605522682446,
      "support": 245,
      "tp": 218,
      "fp": 44,
      "fn": 27
    },
    "Potentially_Malignant": {
      "class_id": 1,
      "precision": 0.7450980392156863,
      "recall": 0.6031746031746031,
      "f1": 0.6666666666666666,
      "support": 126,
      "tp": 76,
      "fp": 26,
      "fn": 50
    },
    "Malignant": {
      "class_id": 2,
      "precision": 0.59375,
      "recall": 0.6666666666666666,
      "f1": 0.628099173553719,
      "support": 57,
      "tp": 38,
      "fp": 26,
      "fn": 19
    }
  },
  "confusion_matrix": [
    [
      218,
      22,
      5
    ],
    [
      29,
      76,
      21
    ],
    [
      15,
      4,
      38
    ]
  ]
}