{
  "tag": "eval/unlearning/forget_classification",
  "num_samples": 399,
  "accuracy": 0.581453634085213,
  "macro_precision": 0.5922358845555095,
  "macro_recall": 0.7671094337761004,
  "macro_f1": 0.5772508648125086,
  "weighted_precision": 0.8215572094290025,
  "weighted_recall": 0.581453634085213,
  "weighted_f1": 0.6031268457569828,
  "labels": [
    0,
    1,
    2
  ],
  "class_names": [
    "Benign",
    "Potentially_Malignant",
    "Malignant"
  ],
  "per_class": {
    "Benign": {
      "class_id": 0,
      "precision": 0.9716312056737588,
      "recall": 0.4612794612794613,
      "f1": 0.6255707762557078,
      "support": 297,
      "tp": 137,
      "fp": 4,
      "fn": 160
    },
    "Potentially_Malignant": {
      "class_id": 1,
      "precision": 0.32620320855614976,
      "recall": 0.9682539682539683,
      "f1": 0.488,
      "support": 63,
      "tp": 61,
      "fp": 126,
      "fn": 2
    },
    "Malignant": {
      "class_id": 2,
      "precision": 0.4788732394366197,
      "recall": 0.8717948717948718,
      "f1": 0.6181818181818182,
      "support": 39,
      "tp": 34,
      "fp": 37,
      "fn": 5
    }
  },
  "confusion_matrix": [
    [
      137,
      124,
      36
    ],
    [
      1,
      61,
      1
    ],
    [
      3,
      2,
      34
    ]
  ]
}