{
  "tag": "eval/unlearning/remember_classification",
  "num_samples": 238,
  "accuracy": 0.7605042016806722,
  "macro_precision": 0.7526539278131635,
  "macro_recall": 0.6829343696766238,
  "macro_f1": 0.6984621859621859,
  "weighted_precision": 0.7553549374456082,
  "weighted_recall": 0.7605042016806722,
  "weighted_f1": 0.7432139347580524,
  "labels": [
    0,
    1,
    2
  ],
  "class_names": [
    "Benign",
    "Potentially_Malignant",
    "Malignant"
  ],
  "per_class": {
    "Benign": {
      "class_id": 0,
      "precision": 0.7037037037037037,
      "recall": 0.37254901960784315,
      "f1": 0.4871794871794872,
      "support": 51,
      "tp": 19,
      "fp": 8,
      "fn": 32
    },
    "Potentially_Malignant": {
      "class_id": 1,
      "precision": 0.7579617834394905,
      "recall": 0.9083969465648855,
      "f1": 0.826388888888889,
      "support": 131,
      "tp": 119,
      "fp": 38,
      "fn": 12
    },
    "Malignant": {
      "class_id": 2,
      "precision": 0.7962962962962963,
      "recall": 0.7678571428571429,
      "f1": 0.7818181818181819,
      "support": 56,
      "tp": 43,
      "fp": 11,
      "fn": 13
    }
  },
  "confusion_matrix": [
    [
      19,
      26,
      6
    ],
    [
      7,
      119,
      5
    ],
    [
      1,
      12,
      43
    ]
  ]
}