{
  "tag": "eval/classification",
  "num_samples": 637,
  "accuracy": 0.42700156985871274,
  "macro_precision": 0.5392978150872151,
  "macro_recall": 0.5563673670489768,
  "macro_f1": 0.42373893903321264,
  "weighted_precision": 0.6041726409255287,
  "weighted_recall": 0.42700156985871274,
  "weighted_f1": 0.3441331407570559,
  "labels": [
    0,
    1,
    2
  ],
  "class_names": [
    "Benign",
    "Potentially_Malignant",
    "Malignant"
  ],
  "per_class": {
    "Benign": {
      "class_id": 0,
      "precision": 0.7659574468085106,
      "recall": 0.10344827586206896,
      "f1": 0.18227848101265823,
      "support": 348,
      "tp": 36,
      "fp": 11,
      "fn": 312
    },
    "Potentially_Malignant": {
      "class_id": 1,
      "precision": 0.37748344370860926,
      "recall": 0.8814432989690721,
      "f1": 0.5285935085007728,
      "support": 194,
      "tp": 171,
      "fp": 282,
      "fn": 23
    },
    "Malignant": {
      "class_id": 2,
      "precision": 0.4744525547445255,
      "recall": 0.6842105263157895,
      "f1": 0.5603448275862069,
      "support": 95,
      "tp": 65,
      "fp": 72,
      "fn": 30
    }
  },
  "confusion_matrix": [
    [
      36,
      254,
      58
    ],
    [
      9,
      171,
      14
    ],
    [
      2,
      28,
      65
    ]
  ]
}