{
  "tag": "eval/classification",
  "num_samples": 637,
  "accuracy": 0.5196232339089482,
  "macro_precision": 0.6243702534025114,
  "macro_recall": 0.6180317781062444,
  "macro_f1": 0.5384380377290734,
  "weighted_precision": 0.7025061078588197,
  "weighted_recall": 0.5196232339089482,
  "weighted_f1": 0.4981666797839673,
  "labels": [
    0,
    1,
    2
  ],
  "class_names": [
    "Benign",
    "Potentially_Malignant",
    "Malignant"
  ],
  "per_class": {
    "Benign": {
      "class_id": 0,
      "precision": 0.9090909090909091,
      "recall": 0.28735632183908044,
      "f1": 0.43668122270742366,
      "support": 348,
      "tp": 100,
      "fp": 10,
      "fn": 248
    },
    "Potentially_Malignant": {
      "class_id": 1,
      "precision": 0.39950372208436724,
      "recall": 0.8298969072164949,
      "f1": 0.5393634840871022,
      "support": 194,
      "tp": 161,
      "fp": 242,
      "fn": 33
    },
    "Malignant": {
      "class_id": 2,
      "precision": 0.5645161290322581,
      "recall": 0.7368421052631579,
      "f1": 0.6392694063926941,
      "support": 95,
      "tp": 70,
      "fp": 54,
      "fn": 25
    }
  },
  "confusion_matrix": [
    [
      100,
      219,
      29
    ],
    [
      8,
      161,
      25
    ],
    [
      2,
      23,
      70
    ]
  ]
}