{
  "tag": "eval/unlearning/forget_classification",
  "num_samples": 132,
  "accuracy": 0.29545454545454547,
  "macro_precision": 0.41014185471250447,
  "macro_recall": 0.3328853046594982,
  "macro_f1": 0.27909738060222583,
  "weighted_precision": 0.6730153649167734,
  "weighted_recall": 0.29545454545454547,
  "weighted_f1": 0.37433691655673756,
  "labels": [
    0,
    1,
    2
  ],
  "class_names": [
    "Benign",
    "Potentially_Malignant",
    "Malignant"
  ],
  "per_class": {
    "Benign": {
      "class_id": 0,
      "precision": 0.04225352112676056,
      "recall": 0.375,
      "f1": 0.0759493670886076,
      "support": 8,
      "tp": 3,
      "fp": 68,
      "fn": 5
    },
    "Potentially_Malignant": {
      "class_id": 1,
      "precision": 0.8333333333333334,
      "recall": 0.26881720430107525,
      "f1": 0.40650406504065045,
      "support": 93,
      "tp": 25,
      "fp": 5,
      "fn": 68
    },
    "Malignant": {
      "class_id": 2,
      "precision": 0.3548387096774194,
      "recall": 0.3548387096774194,
      "f1": 0.35483870967741943,
      "support": 31,
      "tp": 11,
      "fp": 20,
      "fn": 20
    }
  },
  "confusion_matrix": [
    [
      3,
      3,
      2
    ],
    [
      50,
      25,
      18
    ],
    [
      18,
      2,
      11
    ]
  ]
}