{
  "tag": "eval/unlearning/remember_classification",
  "num_samples": 531,
  "accuracy": 0.7947269303201506,
  "macro_precision": 0.7614598706966454,
  "macro_recall": 0.7469504994095159,
  "macro_f1": 0.7511718082422796,
  "weighted_precision": 0.7924679842280332,
  "weighted_recall": 0.7947269303201506,
  "weighted_f1": 0.7905691034204686,
  "labels": [
    0,
    1,
    2
  ],
  "class_names": [
    "Benign",
    "Potentially_Malignant",
    "Malignant"
  ],
  "per_class": {
    "Benign": {
      "class_id": 0,
      "precision": 0.8277945619335347,
      "recall": 0.898360655737705,
      "f1": 0.8616352201257862,
      "support": 305,
      "tp": 274,
      "fp": 57,
      "fn": 31
    },
    "Potentially_Malignant": {
      "class_id": 1,
      "precision": 0.7716535433070866,
      "recall": 0.6282051282051282,
      "f1": 0.6925795053003533,
      "support": 156,
      "tp": 98,
      "fp": 29,
      "fn": 58
    },
    "Malignant": {
      "class_id": 2,
      "precision": 0.684931506849315,
      "recall": 0.7142857142857143,
      "f1": 0.6993006993006993,
      "support": 70,
      "tp": 50,
      "fp": 23,
      "fn": 20
    }
  },
  "confusion_matrix": [
    [
      274,
      23,
      8
    ],
    [
      43,
      98,
      15
    ],
    [
      14,
      6,
      50
    ]
  ]
}