{
  "tag": "eval/unlearning/forget_classification",
  "num_samples": 106,
  "accuracy": 0.6037735849056604,
  "macro_precision": 0.6697433883215501,
  "macro_recall": 0.589563443492452,
  "macro_f1": 0.5966562173458724,
  "weighted_precision": 0.6545635773466332,
  "weighted_recall": 0.6037735849056604,
  "weighted_f1": 0.593659431004909,
  "labels": [
    0,
    1,
    2
  ],
  "class_names": [
    "Benign",
    "Potentially_Malignant",
    "Malignant"
  ],
  "per_class": {
    "Benign": {
      "class_id": 0,
      "precision": 0.5223880597014925,
      "recall": 0.813953488372093,
      "f1": 0.6363636363636362,
      "support": 43,
      "tp": 35,
      "fp": 32,
      "fn": 8
    },
    "Potentially_Malignant": {
      "class_id": 1,
      "precision": 0.75,
      "recall": 0.39473684210526316,
      "f1": 0.5172413793103448,
      "support": 38,
      "tp": 15,
      "fp": 5,
      "fn": 23
    },
    "Malignant": {
      "class_id": 2,
      "precision": 0.7368421052631579,
      "recall": 0.56,
      "f1": 0.6363636363636364,
      "support": 25,
      "tp": 14,
      "fp": 5,
      "fn": 11
    }
  },
  "confusion_matrix": [
    [
      35,
      4,
      4
    ],
    [
      22,
      15,
      1
    ],
    [
      10,
      1,
      14
    ]
  ]
}