{
  "tag": "eval/unlearning/forget_classification",
  "num_samples": 85,
  "accuracy": 0.7764705882352941,
  "macro_precision": 0.8112491373360938,
  "macro_recall": 0.7712121212121211,
  "macro_f1": 0.7753394333553866,
  "weighted_precision": 0.7951284861770797,
  "weighted_recall": 0.7764705882352941,
  "weighted_f1": 0.7689064825645645,
  "labels": [
    0,
    1,
    2
  ],
  "class_names": [
    "Benign",
    "Potentially_Malignant",
    "Malignant"
  ],
  "per_class": {
    "Benign": {
      "class_id": 0,
      "precision": 0.6956521739130435,
      "recall": 0.9142857142857143,
      "f1": 0.7901234567901234,
      "support": 35,
      "tp": 32,
      "fp": 14,
      "fn": 3
    },
    "Potentially_Malignant": {
      "class_id": 1,
      "precision": 0.8333333333333334,
      "recall": 0.5357142857142857,
      "f1": 0.6521739130434783,
      "support": 28,
      "tp": 15,
      "fp": 3,
      "fn": 13
    },
    "Malignant": {
      "class_id": 2,
      "precision": 0.9047619047619048,
      "recall": 0.8636363636363636,
      "f1": 0.8837209302325582,
      "support": 22,
      "tp": 19,
      "fp": 2,
      "fn": 3
    }
  },
  "confusion_matrix": [
    [
      32,
      2,
      1
    ],
    [
      12,
      15,
      1
    ],
    [
      2,
      1,
      19
    ]
  ]
}