{
  "tag": "eval/unlearning/forget_classification",
  "num_samples": 106,
  "accuracy": 0.2169811320754717,
  "macro_precision": 0.4288888888888889,
  "macro_recall": 0.37777777777777777,
  "macro_f1": 0.24448459299407807,
  "weighted_precision": 0.6398113207547169,
  "weighted_recall": 0.2169811320754717,
  "weighted_f1": 0.2705851272349201,
  "labels": [
    0,
    1,
    2
  ],
  "class_names": [
    "Benign",
    "Potentially_Malignant",
    "Malignant"
  ],
  "per_class": {
    "Benign": {
      "class_id": 0,
      "precision": 0.05333333333333334,
      "recall": 0.6666666666666666,
      "f1": 0.09876543209876544,
      "support": 6,
      "tp": 4,
      "fp": 71,
      "fn": 2
    },
    "Potentially_Malignant": {
      "class_id": 1,
      "precision": 0.7333333333333333,
      "recall": 0.14666666666666667,
      "f1": 0.24444444444444444,
      "support": 75,
      "tp": 11,
      "fp": 4,
      "fn": 64
    },
    "Malignant": {
      "class_id": 2,
      "precision": 0.5,
      "recall": 0.32,
      "f1": 0.39024390243902435,
      "support": 25,
      "tp": 8,
      "fp": 8,
      "fn": 17
    }
  },
  "confusion_matrix": [
    [
      4,
      2,
      0
    ],
    [
      56,
      11,
      8
    ],
    [
      15,
      2,
      8
    ]
  ]
}