{
  "tag": "eval/unlearning/remember_classification",
  "num_samples": 405,
  "accuracy": 0.8469135802469135,
  "macro_precision": 0.8739863630673647,
  "macro_recall": 0.7329218106995885,
  "macro_f1": 0.7821540210287014,
  "weighted_precision": 0.8530997325240076,
  "weighted_recall": 0.8469135802469135,
  "weighted_f1": 0.8393930093776641,
  "labels": [
    0,
    1,
    2
  ],
  "class_names": [
    "Benign",
    "Potentially_Malignant",
    "Malignant"
  ],
  "per_class": {
    "Benign": {
      "class_id": 0,
      "precision": 0.8426229508196721,
      "recall": 0.9518518518518518,
      "f1": 0.8939130434782608,
      "support": 270,
      "tp": 257,
      "fp": 48,
      "fn": 13
    },
    "Potentially_Malignant": {
      "class_id": 1,
      "precision": 0.8115942028985508,
      "recall": 0.691358024691358,
      "f1": 0.7466666666666666,
      "support": 81,
      "tp": 56,
      "fp": 13,
      "fn": 25
    },
    "Malignant": {
      "class_id": 2,
      "precision": 0.967741935483871,
      "recall": 0.5555555555555556,
      "f1": 0.7058823529411765,
      "support": 54,
      "tp": 30,
      "fp": 1,
      "fn": 24
    }
  },
  "confusion_matrix": [
    [
      257,
      12,
      1
    ],
    [
      25,
      56,
      0
    ],
    [
      23,
      1,
      30
    ]
  ]
}