{
  "tag": "eval/unlearning/forget_classification",
  "num_samples": 85,
  "accuracy": 0.7764705882352941,
  "macro_precision": 0.8629829290206649,
  "macro_recall": 0.760822510822511,
  "macro_f1": 0.7715007215007215,
  "weighted_precision": 0.8366259711431742,
  "weighted_recall": 0.7764705882352941,
  "weighted_f1": 0.7644028520499108,
  "labels": [
    0,
    1,
    2
  ],
  "class_names": [
    "Benign",
    "Potentially_Malignant",
    "Malignant"
  ],
  "per_class": {
    "Benign": {
      "class_id": 0,
      "precision": 0.660377358490566,
      "recall": 1.0,
      "f1": 0.7954545454545454,
      "support": 35,
      "tp": 35,
      "fp": 18,
      "fn": 0
    },
    "Potentially_Malignant": {
      "class_id": 1,
      "precision": 0.9285714285714286,
      "recall": 0.4642857142857143,
      "f1": 0.6190476190476191,
      "support": 28,
      "tp": 13,
      "fp": 1,
      "fn": 15
    },
    "Malignant": {
      "class_id": 2,
      "precision": 1.0,
      "recall": 0.8181818181818182,
      "f1": 0.9,
      "support": 22,
      "tp": 18,
      "fp": 0,
      "fn": 4
    }
  },
  "confusion_matrix": [
    [
      35,
      0,
      0
    ],
    [
      15,
      13,
      0
    ],
    [
      3,
      1,
      18
    ]
  ]
}