{
  "tag": "eval/classification",
  "num_samples": 637,
  "accuracy": 0.7425431711145997,
  "macro_precision": 0.6939407341884122,
  "macro_recall": 0.6760731815318602,
  "macro_f1": 0.669348279825182,
  "weighted_precision": 0.7501605616219883,
  "weighted_recall": 0.7425431711145997,
  "weighted_f1": 0.7321822508968377,
  "labels": [
    0,
    1,
    2
  ],
  "class_names": [
    "Benign",
    "Potentially_Malignant",
    "Malignant"
  ],
  "per_class": {
    "Benign": {
      "class_id": 0,
      "precision": 0.8045112781954887,
      "recall": 0.9224137931034483,
      "f1": 0.8594377510040161,
      "support": 348,
      "tp": 321,
      "fp": 78,
      "fn": 27
    },
    "Potentially_Malignant": {
      "class_id": 1,
      "precision": 0.773109243697479,
      "recall": 0.4742268041237113,
      "f1": 0.5878594249201278,
      "support": 194,
      "tp": 92,
      "fp": 27,
      "fn": 102
    },
    "Malignant": {
      "class_id": 2,
      "precision": 0.5042016806722689,
      "recall": 0.631578947368421,
      "f1": 0.5607476635514018,
      "support": 95,
      "tp": 60,
      "fp": 59,
      "fn": 35
    }
  },
  "confusion_matrix": [
    [
      321,
      22,
      5
    ],
    [
      48,
      92,
      54
    ],
    [
      30,
      5,
      60
    ]
  ]
}