{
  "tag": "eval/unlearning/remember_classification",
  "num_samples": 405,
  "accuracy": 0.8493827160493828,
  "macro_precision": 0.8323807384482271,
  "macro_recall": 0.8135802469135802,
  "macro_f1": 0.8203446586553701,
  "weighted_precision": 0.8547280320804006,
  "weighted_recall": 0.8493827160493828,
  "weighted_f1": 0.8508288521944612,
  "labels": [
    0,
    1,
    2
  ],
  "class_names": [
    "Benign",
    "Potentially_Malignant",
    "Malignant"
  ],
  "per_class": {
    "Benign": {
      "class_id": 0,
      "precision": 0.8917910447761194,
      "recall": 0.8851851851851852,
      "f1": 0.8884758364312267,
      "support": 270,
      "tp": 239,
      "fp": 29,
      "fn": 31
    },
    "Potentially_Malignant": {
      "class_id": 1,
      "precision": 0.6923076923076923,
      "recall": 0.7777777777777778,
      "f1": 0.7325581395348836,
      "support": 81,
      "tp": 63,
      "fp": 28,
      "fn": 18
    },
    "Malignant": {
      "class_id": 2,
      "precision": 0.9130434782608695,
      "recall": 0.7777777777777778,
      "f1": 0.84,
      "support": 54,
      "tp": 42,
      "fp": 4,
      "fn": 12
    }
  },
  "confusion_matrix": [
    [
      239,
      27,
      4
    ],
    [
      18,
      63,
      0
    ],
    [
      11,
      1,
      42
    ]
  ]
}