{
  "tag": "eval/unlearning/forget_classification",
  "num_samples": 106,
  "accuracy": 0.4056603773584906,
  "macro_precision": 0.5024519186947406,
  "macro_recall": 0.5111111111111111,
  "macro_f1": 0.39083266074791495,
  "weighted_precision": 0.7507855185970561,
  "weighted_recall": 0.4056603773584906,
  "weighted_f1": 0.48583097293922367,
  "labels": [
    0,
    1,
    2
  ],
  "class_names": [
    "Benign",
    "Potentially_Malignant",
    "Malignant"
  ],
  "per_class": {
    "Benign": {
      "class_id": 0,
      "precision": 0.07547169811320754,
      "recall": 0.6666666666666666,
      "f1": 0.13559322033898305,
      "support": 6,
      "tp": 4,
      "fp": 49,
      "fn": 2
    },
    "Potentially_Malignant": {
      "class_id": 1,
      "precision": 0.8666666666666667,
      "recall": 0.3466666666666667,
      "f1": 0.49523809523809526,
      "support": 75,
      "tp": 26,
      "fp": 4,
      "fn": 49
    },
    "Malignant": {
      "class_id": 2,
      "precision": 0.5652173913043478,
      "recall": 0.52,
      "f1": 0.5416666666666667,
      "support": 25,
      "tp": 13,
      "fp": 10,
      "fn": 12
    }
  },
  "confusion_matrix": [
    [
      4,
      2,
      0
    ],
    [
      39,
      26,
      10
    ],
    [
      10,
      2,
      13
    ]
  ]
}