{
  "tag": "eval/unlearning/forget_classification",
  "num_samples": 106,
  "accuracy": 0.2641509433962264,
  "macro_precision": 0.3763888888888889,
  "macro_recall": 0.3822222222222222,
  "macro_f1": 0.2557422969187675,
  "weighted_precision": 0.5695754716981132,
  "weighted_recall": 0.2641509433962264,
  "weighted_f1": 0.32694625019819246,
  "labels": [
    0,
    1,
    2
  ],
  "class_names": [
    "Benign",
    "Potentially_Malignant",
    "Malignant"
  ],
  "per_class": {
    "Benign": {
      "class_id": 0,
      "precision": 0.0625,
      "recall": 0.6666666666666666,
      "f1": 0.11428571428571428,
      "support": 6,
      "tp": 4,
      "fp": 60,
      "fn": 2
    },
    "Potentially_Malignant": {
      "class_id": 1,
      "precision": 0.6666666666666666,
      "recall": 0.24,
      "f1": 0.3529411764705882,
      "support": 75,
      "tp": 18,
      "fp": 9,
      "fn": 57
    },
    "Malignant": {
      "class_id": 2,
      "precision": 0.4,
      "recall": 0.24,
      "f1": 0.3,
      "support": 25,
      "tp": 6,
      "fp": 9,
      "fn": 19
    }
  },
  "confusion_matrix": [
    [
      4,
      2,
      0
    ],
    [
      48,
      18,
      9
    ],
    [
      12,
      7,
      6
    ]
  ]
}