{
  "tag": "eval/classification",
  "num_samples": 637,
  "accuracy": 0.7566718995290423,
  "macro_precision": 0.7518763885328549,
  "macro_recall": 0.7076029628520882,
  "macro_f1": 0.7183399708329903,
  "weighted_precision": 0.760756517670267,
  "weighted_recall": 0.7566718995290423,
  "weighted_f1": 0.7467555721505885,
  "labels": [
    0,
    1,
    2
  ],
  "class_names": [
    "Benign",
    "Potentially_Malignant",
    "Malignant"
  ],
  "per_class": {
    "Benign": {
      "class_id": 0,
      "precision": 0.7566265060240964,
      "recall": 0.9022988505747126,
      "f1": 0.8230668414154652,
      "support": 348,
      "tp": 314,
      "fp": 101,
      "fn": 34
    },
    "Potentially_Malignant": {
      "class_id": 1,
      "precision": 0.796875,
      "recall": 0.5257731958762887,
      "f1": 0.6335403726708075,
      "support": 194,
      "tp": 102,
      "fp": 26,
      "fn": 92
    },
    "Malignant": {
      "class_id": 2,
      "precision": 0.7021276595744681,
      "recall": 0.6947368421052632,
      "f1": 0.6984126984126984,
      "support": 95,
      "tp": 66,
      "fp": 28,
      "fn": 29
    }
  },
  "confusion_matrix": [
    [
      314,
      22,
      12
    ],
    [
      76,
      102,
      16
    ],
    [
      25,
      4,
      66
    ]
  ]
}