{
  "tag": "eval/unlearning/forget_classification",
  "num_samples": 85,
  "accuracy": 0.8117647058823529,
  "macro_precision": 0.8954248366013072,
  "macro_recall": 0.7997835497835498,
  "macro_f1": 0.8128190584231424,
  "weighted_precision": 0.8708189158016147,
  "weighted_recall": 0.8117647058823529,
  "weighted_f1": 0.8048647025457942,
  "labels": [
    0,
    1,
    2
  ],
  "class_names": [
    "Benign",
    "Potentially_Malignant",
    "Malignant"
  ],
  "per_class": {
    "Benign": {
      "class_id": 0,
      "precision": 0.6862745098039216,
      "recall": 1.0,
      "f1": 0.813953488372093,
      "support": 35,
      "tp": 35,
      "fp": 16,
      "fn": 0
    },
    "Potentially_Malignant": {
      "class_id": 1,
      "precision": 1.0,
      "recall": 0.5357142857142857,
      "f1": 0.6976744186046512,
      "support": 28,
      "tp": 15,
      "fp": 0,
      "fn": 13
    },
    "Malignant": {
      "class_id": 2,
      "precision": 1.0,
      "recall": 0.8636363636363636,
      "f1": 0.9268292682926829,
      "support": 22,
      "tp": 19,
      "fp": 0,
      "fn": 3
    }
  },
  "confusion_matrix": [
    [
      35,
      0,
      0
    ],
    [
      13,
      15,
      0
    ],
    [
      3,
      0,
      19
    ]
  ]
}