{
  "tag": "eval/classification",
  "num_samples": 637,
  "accuracy": 0.6499215070643642,
  "macro_precision": 0.6534271072439012,
  "macro_recall": 0.6988829016491934,
  "macro_f1": 0.6505425374271193,
  "weighted_precision": 0.7201180331286866,
  "weighted_recall": 0.6499215070643642,
  "weighted_f1": 0.6555144768575798,
  "labels": [
    0,
    1,
    2
  ],
  "class_names": [
    "Benign",
    "Potentially_Malignant",
    "Malignant"
  ],
  "per_class": {
    "Benign": {
      "class_id": 0,
      "precision": 0.8772727272727273,
      "recall": 0.5545977011494253,
      "f1": 0.6795774647887324,
      "support": 348,
      "tp": 193,
      "fp": 27,
      "fn": 155
    },
    "Potentially_Malignant": {
      "class_id": 1,
      "precision": 0.5104895104895105,
      "recall": 0.7525773195876289,
      "f1": 0.6083333333333334,
      "support": 194,
      "tp": 146,
      "fp": 140,
      "fn": 48
    },
    "Malignant": {
      "class_id": 2,
      "precision": 0.5725190839694656,
      "recall": 0.7894736842105263,
      "f1": 0.6637168141592921,
      "support": 95,
      "tp": 75,
      "fp": 56,
      "fn": 20
    }
  },
  "confusion_matrix": [
    [
      193,
      126,
      29
    ],
    [
      21,
      146,
      27
    ],
    [
      6,
      14,
      75
    ]
  ]
}