{
  "tag": "eval/classification",
  "num_samples": 637,
  "accuracy": 0.7252747252747253,
  "macro_precision": 0.6973807485671893,
  "macro_recall": 0.7443693960579848,
  "macro_f1": 0.7105181675894414,
  "weighted_precision": 0.7579298429384905,
  "weighted_recall": 0.7252747252747253,
  "weighted_f1": 0.7316488057812314,
  "labels": [
    0,
    1,
    2
  ],
  "class_names": [
    "Benign",
    "Potentially_Malignant",
    "Malignant"
  ],
  "per_class": {
    "Benign": {
      "class_id": 0,
      "precision": 0.8872727272727273,
      "recall": 0.7011494252873564,
      "f1": 0.78330658105939,
      "support": 348,
      "tp": 244,
      "fp": 31,
      "fn": 104
    },
    "Potentially_Malignant": {
      "class_id": 1,
      "precision": 0.6016949152542372,
      "recall": 0.7319587628865979,
      "f1": 0.6604651162790698,
      "support": 194,
      "tp": 142,
      "fp": 94,
      "fn": 52
    },
    "Malignant": {
      "class_id": 2,
      "precision": 0.6031746031746031,
      "recall": 0.8,
      "f1": 0.6877828054298644,
      "support": 95,
      "tp": 76,
      "fp": 50,
      "fn": 19
    }
  },
  "confusion_matrix": [
    [
      244,
      81,
      23
    ],
    [
      25,
      142,
      27
    ],
    [
      6,
      13,
      76
    ]
  ]
}