{
  "tag": "eval/unlearning/remember_classification",
  "num_samples": 191,
  "accuracy": 0.743455497382199,
  "macro_precision": 0.7354888233849177,
  "macro_recall": 0.7539260684901828,
  "macro_f1": 0.740839888428987,
  "weighted_precision": 0.754436661560958,
  "weighted_recall": 0.743455497382199,
  "weighted_f1": 0.7453842710914067,
  "labels": [
    0,
    1,
    2
  ],
  "class_names": [
    "Benign",
    "Potentially_Malignant",
    "Malignant"
  ],
  "per_class": {
    "Benign": {
      "class_id": 0,
      "precision": 0.775,
      "recall": 0.7560975609756098,
      "f1": 0.7654320987654322,
      "support": 41,
      "tp": 31,
      "fp": 9,
      "fn": 10
    },
    "Potentially_Malignant": {
      "class_id": 1,
      "precision": 0.8043478260869565,
      "recall": 0.7184466019417476,
      "f1": 0.7589743589743588,
      "support": 103,
      "tp": 74,
      "fp": 18,
      "fn": 29
    },
    "Malignant": {
      "class_id": 2,
      "precision": 0.6271186440677966,
      "recall": 0.7872340425531915,
      "f1": 0.6981132075471698,
      "support": 47,
      "tp": 37,
      "fp": 22,
      "fn": 10
    }
  },
  "confusion_matrix": [
    [
      31,
      9,
      1
    ],
    [
      8,
      74,
      21
    ],
    [
      1,
      9,
      37
    ]
  ]
}