{
  "tag": "eval/unlearning/forget_classification",
  "num_samples": 85,
  "accuracy": 0.8705882352941177,
  "macro_precision": 0.9202898550724639,
  "macro_recall": 0.8658008658008658,
  "macro_f1": 0.8745168041876278,
  "weighted_precision": 0.90153452685422,
  "weighted_recall": 0.8705882352941177,
  "weighted_f1": 0.8664509311944829,
  "labels": [
    0,
    1,
    2
  ],
  "class_names": [
    "Benign",
    "Potentially_Malignant",
    "Malignant"
  ],
  "per_class": {
    "Benign": {
      "class_id": 0,
      "precision": 0.7608695652173914,
      "recall": 1.0,
      "f1": 0.8641975308641976,
      "support": 35,
      "tp": 35,
      "fp": 11,
      "fn": 0
    },
    "Potentially_Malignant": {
      "class_id": 1,
      "precision": 1.0,
      "recall": 0.6428571428571429,
      "f1": 0.782608695652174,
      "support": 28,
      "tp": 18,
      "fp": 0,
      "fn": 10
    },
    "Malignant": {
      "class_id": 2,
      "precision": 1.0,
      "recall": 0.9545454545454546,
      "f1": 0.9767441860465117,
      "support": 22,
      "tp": 21,
      "fp": 0,
      "fn": 1
    }
  },
  "confusion_matrix": [
    [
      35,
      0,
      0
    ],
    [
      10,
      18,
      0
    ],
    [
      1,
      0,
      21
    ]
  ]
}