{
  "tag": "eval/classification",
  "num_samples": 637,
  "accuracy": 0.7566718995290423,
  "macro_precision": 0.7411079543155014,
  "macro_recall": 0.7017899352006037,
  "macro_f1": 0.7023793260473589,
  "weighted_precision": 0.7653836070855708,
  "weighted_recall": 0.7566718995290423,
  "weighted_f1": 0.7421071707371473,
  "labels": [
    0,
    1,
    2
  ],
  "class_names": [
    "Benign",
    "Potentially_Malignant",
    "Malignant"
  ],
  "per_class": {
    "Benign": {
      "class_id": 0,
      "precision": 0.7714285714285715,
      "recall": 0.9310344827586207,
      "f1": 0.8437500000000001,
      "support": 348,
      "tp": 324,
      "fp": 96,
      "fn": 24
    },
    "Potentially_Malignant": {
      "class_id": 1,
      "precision": 0.8198198198198198,
      "recall": 0.4690721649484536,
      "f1": 0.5967213114754097,
      "support": 194,
      "tp": 91,
      "fp": 20,
      "fn": 103
    },
    "Malignant": {
      "class_id": 2,
      "precision": 0.6320754716981132,
      "recall": 0.7052631578947368,
      "f1": 0.6666666666666666,
      "support": 95,
      "tp": 67,
      "fp": 39,
      "fn": 28
    }
  },
  "confusion_matrix": [
    [
      324,
      17,
      7
    ],
    [
      71,
      91,
      32
    ],
    [
      25,
      3,
      67
    ]
  ]
}