{
  "tag": "eval/unlearning/forget_classification",
  "num_samples": 132,
  "accuracy": 0.29545454545454547,
  "macro_precision": 0.4383391514500537,
  "macro_recall": 0.48297491039426527,
  "macro_f1": 0.2900793650793651,
  "weighted_precision": 0.7127498128437979,
  "weighted_recall": 0.29545454545454547,
  "weighted_f1": 0.3179202741702742,
  "labels": [
    0,
    1,
    2
  ],
  "class_names": [
    "Benign",
    "Potentially_Malignant",
    "Malignant"
  ],
  "per_class": {
    "Benign": {
      "class_id": 0,
      "precision": 0.09375,
      "recall": 0.75,
      "f1": 0.16666666666666666,
      "support": 8,
      "tp": 6,
      "fp": 58,
      "fn": 2
    },
    "Potentially_Malignant": {
      "class_id": 1,
      "precision": 0.8947368421052632,
      "recall": 0.1827956989247312,
      "f1": 0.3035714285714286,
      "support": 93,
      "tp": 17,
      "fp": 2,
      "fn": 76
    },
    "Malignant": {
      "class_id": 2,
      "precision": 0.32653061224489793,
      "recall": 0.5161290322580645,
      "f1": 0.4,
      "support": 31,
      "tp": 16,
      "fp": 33,
      "fn": 15
    }
  },
  "confusion_matrix": [
    [
      6,
      0,
      2
    ],
    [
      45,
      17,
      31
    ],
    [
      13,
      2,
      16
    ]
  ]
}