{
  "tag": "eval/unlearning/remember_classification",
  "num_samples": 191,
  "accuracy": 0.675392670157068,
  "macro_precision": 0.6831773399014779,
  "macro_recall": 0.6380006146684066,
  "macro_f1": 0.6533479467068535,
  "weighted_precision": 0.6836093415521111,
  "weighted_recall": 0.675392670157068,
  "weighted_f1": 0.674407128179812,
  "labels": [
    0,
    1,
    2
  ],
  "class_names": [
    "Benign",
    "Potentially_Malignant",
    "Malignant"
  ],
  "per_class": {
    "Benign": {
      "class_id": 0,
      "precision": 0.7931034482758621,
      "recall": 0.5609756097560976,
      "f1": 0.6571428571428573,
      "support": 41,
      "tp": 23,
      "fp": 6,
      "fn": 18
    },
    "Potentially_Malignant": {
      "class_id": 1,
      "precision": 0.6964285714285714,
      "recall": 0.7572815533980582,
      "f1": 0.7255813953488373,
      "support": 103,
      "tp": 78,
      "fp": 34,
      "fn": 25
    },
    "Malignant": {
      "class_id": 2,
      "precision": 0.56,
      "recall": 0.5957446808510638,
      "f1": 0.577319587628866,
      "support": 47,
      "tp": 28,
      "fp": 22,
      "fn": 19
    }
  },
  "confusion_matrix": [
    [
      23,
      15,
      3
    ],
    [
      6,
      78,
      19
    ],
    [
      0,
      19,
      28
    ]
  ]
}