{
  "tag": "eval/classification",
  "num_samples": 637,
  "accuracy": 0.7864992150706437,
  "macro_precision": 0.7612404900920028,
  "macro_recall": 0.742799928485748,
  "macro_f1": 0.7487402089725209,
  "weighted_precision": 0.7841040139720759,
  "weighted_recall": 0.7864992150706437,
  "weighted_f1": 0.7818065271455586,
  "labels": [
    0,
    1,
    2
  ],
  "class_names": [
    "Benign",
    "Potentially_Malignant",
    "Malignant"
  ],
  "per_class": {
    "Benign": {
      "class_id": 0,
      "precision": 0.8151041666666666,
      "recall": 0.8994252873563219,
      "f1": 0.855191256830601,
      "support": 348,
      "tp": 313,
      "fp": 71,
      "fn": 35
    },
    "Potentially_Malignant": {
      "class_id": 1,
      "precision": 0.7707006369426752,
      "recall": 0.6237113402061856,
      "f1": 0.6894586894586895,
      "support": 194,
      "tp": 121,
      "fp": 36,
      "fn": 73
    },
    "Malignant": {
      "class_id": 2,
      "precision": 0.6979166666666666,
      "recall": 0.7052631578947368,
      "f1": 0.7015706806282722,
      "support": 95,
      "tp": 67,
      "fp": 29,
      "fn": 28
    }
  },
  "confusion_matrix": [
    [
      313,
      29,
      6
    ],
    [
      50,
      121,
      23
    ],
    [
      21,
      7,
      67
    ]
  ]
}