{
  "tag": "eval/unlearning/remember_classification",
  "num_samples": 531,
  "accuracy": 0.7890772128060264,
  "macro_precision": 0.740911901764615,
  "macro_recall": 0.7389589463359956,
  "macro_f1": 0.7369694772171552,
  "weighted_precision": 0.7876975994284274,
  "weighted_recall": 0.7890772128060264,
  "weighted_f1": 0.7858651641093788,
  "labels": [
    0,
    1,
    2
  ],
  "class_names": [
    "Benign",
    "Potentially_Malignant",
    "Malignant"
  ],
  "per_class": {
    "Benign": {
      "class_id": 0,
      "precision": 0.8425925925925926,
      "recall": 0.8950819672131147,
      "f1": 0.8680445151033386,
      "support": 305,
      "tp": 273,
      "fp": 51,
      "fn": 32
    },
    "Potentially_Malignant": {
      "class_id": 1,
      "precision": 0.751937984496124,
      "recall": 0.6217948717948718,
      "f1": 0.6807017543859649,
      "support": 156,
      "tp": 97,
      "fp": 32,
      "fn": 59
    },
    "Malignant": {
      "class_id": 2,
      "precision": 0.6282051282051282,
      "recall": 0.7,
      "f1": 0.6621621621621621,
      "support": 70,
      "tp": 49,
      "fp": 29,
      "fn": 21
    }
  },
  "confusion_matrix": [
    [
      273,
      26,
      6
    ],
    [
      36,
      97,
      23
    ],
    [
      15,
      6,
      49
    ]
  ]
}