{
  "tag": "eval/unlearning/forget_classification",
  "num_samples": 106,
  "accuracy": 0.7735849056603774,
  "macro_precision": 0.8412698412698413,
  "macro_recall": 0.7606038351693186,
  "macro_f1": 0.7803936862415073,
  "weighted_precision": 0.8135669362084457,
  "weighted_recall": 0.7735849056603774,
  "weighted_f1": 0.7732514570465128,
  "labels": [
    0,
    1,
    2
  ],
  "class_names": [
    "Benign",
    "Potentially_Malignant",
    "Malignant"
  ],
  "per_class": {
    "Benign": {
      "class_id": 0,
      "precision": 0.6666666666666666,
      "recall": 0.9302325581395349,
      "f1": 0.7766990291262136,
      "support": 43,
      "tp": 40,
      "fp": 20,
      "fn": 3
    },
    "Potentially_Malignant": {
      "class_id": 1,
      "precision": 0.8571428571428571,
      "recall": 0.631578947368421,
      "f1": 0.7272727272727273,
      "support": 38,
      "tp": 24,
      "fp": 4,
      "fn": 14
    },
    "Malignant": {
      "class_id": 2,
      "precision": 1.0,
      "recall": 0.72,
      "f1": 0.8372093023255813,
      "support": 25,
      "tp": 18,
      "fp": 0,
      "fn": 7
    }
  },
  "confusion_matrix": [
    [
      40,
      3,
      0
    ],
    [
      14,
      24,
      0
    ],
    [
      6,
      1,
      18
    ]
  ]
}