{
  "tag": "eval/unlearning/remember_classification",
  "num_samples": 191,
  "accuracy": 0.6963350785340314,
  "macro_precision": 0.7141796341796341,
  "macro_recall": 0.6565817383024068,
  "macro_f1": 0.6704927227192209,
  "weighted_precision": 0.7121449674329255,
  "weighted_recall": 0.6963350785340314,
  "weighted_f1": 0.6941908427420576,
  "labels": [
    0,
    1,
    2
  ],
  "class_names": [
    "Benign",
    "Potentially_Malignant",
    "Malignant"
  ],
  "per_class": {
    "Benign": {
      "class_id": 0,
      "precision": 0.84,
      "recall": 0.5121951219512195,
      "f1": 0.6363636363636365,
      "support": 41,
      "tp": 21,
      "fp": 4,
      "fn": 20
    },
    "Potentially_Malignant": {
      "class_id": 1,
      "precision": 0.7207207207207207,
      "recall": 0.7766990291262136,
      "f1": 0.7476635514018692,
      "support": 103,
      "tp": 80,
      "fp": 31,
      "fn": 23
    },
    "Malignant": {
      "class_id": 2,
      "precision": 0.5818181818181818,
      "recall": 0.6808510638297872,
      "f1": 0.627450980392157,
      "support": 47,
      "tp": 32,
      "fp": 23,
      "fn": 15
    }
  },
  "confusion_matrix": [
    [
      21,
      16,
      4
    ],
    [
      4,
      80,
      19
    ],
    [
      0,
      15,
      32
    ]
  ]
}