{
  "tag": "eval/unlearning/remember_classification",
  "num_samples": 405,
  "accuracy": 0.908641975308642,
  "macro_precision": 0.9167788849986533,
  "macro_recall": 0.8617283950617284,
  "macro_f1": 0.885913930789707,
  "weighted_precision": 0.9103510189424545,
  "weighted_recall": 0.908641975308642,
  "weighted_f1": 0.9079162969535641,
  "labels": [
    0,
    1,
    2
  ],
  "class_names": [
    "Benign",
    "Potentially_Malignant",
    "Malignant"
  ],
  "per_class": {
    "Benign": {
      "class_id": 0,
      "precision": 0.9148936170212766,
      "recall": 0.9555555555555556,
      "f1": 0.9347826086956522,
      "support": 270,
      "tp": 258,
      "fp": 24,
      "fn": 12
    },
    "Potentially_Malignant": {
      "class_id": 1,
      "precision": 0.8354430379746836,
      "recall": 0.8148148148148148,
      "f1": 0.825,
      "support": 81,
      "tp": 66,
      "fp": 13,
      "fn": 15
    },
    "Malignant": {
      "class_id": 2,
      "precision": 1.0,
      "recall": 0.8148148148148148,
      "f1": 0.8979591836734693,
      "support": 54,
      "tp": 44,
      "fp": 0,
      "fn": 10
    }
  },
  "confusion_matrix": [
    [
      258,
      12,
      0
    ],
    [
      15,
      66,
      0
    ],
    [
      9,
      1,
      44
    ]
  ]
}