{
  "tag": "eval/classification",
  "num_samples": 637,
  "accuracy": 0.7660910518053375,
  "macro_precision": 0.7632326007326008,
  "macro_recall": 0.7148708065934478,
  "macro_f1": 0.7280378203270358,
  "weighted_precision": 0.7694196698121345,
  "weighted_recall": 0.7660910518053375,
  "weighted_f1": 0.7561364203984096,
  "labels": [
    0,
    1,
    2
  ],
  "class_names": [
    "Benign",
    "Potentially_Malignant",
    "Malignant"
  ],
  "per_class": {
    "Benign": {
      "class_id": 0,
      "precision": 0.7644230769230769,
      "recall": 0.9137931034482759,
      "f1": 0.8324607329842931,
      "support": 348,
      "tp": 318,
      "fp": 98,
      "fn": 30
    },
    "Potentially_Malignant": {
      "class_id": 1,
      "precision": 0.8,
      "recall": 0.5360824742268041,
      "f1": 0.6419753086419753,
      "support": 194,
      "tp": 104,
      "fp": 26,
      "fn": 90
    },
    "Malignant": {
      "class_id": 2,
      "precision": 0.7252747252747253,
      "recall": 0.6947368421052632,
      "f1": 0.7096774193548387,
      "support": 95,
      "tp": 66,
      "fp": 25,
      "fn": 29
    }
  },
  "confusion_matrix": [
    [
      318,
      23,
      7
    ],
    [
      72,
      104,
      18
    ],
    [
      26,
      3,
      66
    ]
  ]
}