{
  "tag": "eval/unlearning/forget_classification",
  "num_samples": 106,
  "accuracy": 0.36792452830188677,
  "macro_precision": 0.4184939091915836,
  "macro_recall": 0.4511111111111112,
  "macro_f1": 0.3387667040926403,
  "weighted_precision": 0.6542186422616436,
  "weighted_recall": 0.36792452830188677,
  "weighted_f1": 0.4192471273176792,
  "labels": [
    0,
    1,
    2
  ],
  "class_names": [
    "Benign",
    "Potentially_Malignant",
    "Malignant"
  ],
  "per_class": {
    "Benign": {
      "class_id": 0,
      "precision": 0.06976744186046512,
      "recall": 0.5,
      "f1": 0.12244897959183673,
      "support": 6,
      "tp": 3,
      "fp": 40,
      "fn": 3
    },
    "Potentially_Malignant": {
      "class_id": 1,
      "precision": 0.7857142857142857,
      "recall": 0.29333333333333333,
      "f1": 0.42718446601941745,
      "support": 75,
      "tp": 22,
      "fp": 6,
      "fn": 53
    },
    "Malignant": {
      "class_id": 2,
      "precision": 0.4,
      "recall": 0.56,
      "f1": 0.4666666666666667,
      "support": 25,
      "tp": 14,
      "fp": 21,
      "fn": 11
    }
  },
  "confusion_matrix": [
    [
      3,
      1,
      2
    ],
    [
      34,
      22,
      19
    ],
    [
      6,
      5,
      14
    ]
  ]
}