{
  "tag": "eval/unlearning/remember_classification",
  "num_samples": 426,
  "accuracy": 0.7018779342723005,
  "macro_precision": 0.6982680806598635,
  "macro_recall": 0.5971797578316469,
  "macro_f1": 0.6151761359208168,
  "weighted_precision": 0.7155652606584167,
  "weighted_recall": 0.7018779342723005,
  "weighted_f1": 0.6760405998456642,
  "labels": [
    0,
    1,
    2
  ],
  "class_names": [
    "Benign",
    "Potentially_Malignant",
    "Malignant"
  ],
  "per_class": {
    "Benign": {
      "class_id": 0,
      "precision": 0.6990595611285266,
      "recall": 0.9253112033195021,
      "f1": 0.7964285714285715,
      "support": 241,
      "tp": 223,
      "fp": 96,
      "fn": 18
    },
    "Potentially_Malignant": {
      "class_id": 1,
      "precision": 0.8,
      "recall": 0.375,
      "f1": 0.5106382978723405,
      "support": 128,
      "tp": 48,
      "fp": 12,
      "fn": 80
    },
    "Malignant": {
      "class_id": 2,
      "precision": 0.5957446808510638,
      "recall": 0.49122807017543857,
      "f1": 0.5384615384615384,
      "support": 57,
      "tp": 28,
      "fp": 19,
      "fn": 29
    }
  },
  "confusion_matrix": [
    [
      223,
      10,
      8
    ],
    [
      69,
      48,
      11
    ],
    [
      27,
      2,
      28
    ]
  ]
}