{
  "tag": "eval/unlearning/forget_classification",
  "num_samples": 321,
  "accuracy": 0.8068535825545171,
  "macro_precision": 0.752991452991453,
  "macro_recall": 0.8256302521008404,
  "macro_f1": 0.7636653707896032,
  "weighted_precision": 0.8702052879622973,
  "weighted_recall": 0.8068535825545171,
  "weighted_f1": 0.8213419152537161,
  "labels": [
    0,
    1,
    2
  ],
  "class_names": [
    "Benign",
    "Potentially_Malignant",
    "Malignant"
  ],
  "per_class": {
    "Benign": {
      "class_id": 0,
      "precision": 0.958974358974359,
      "recall": 0.7857142857142857,
      "f1": 0.8637413394919168,
      "support": 238,
      "tp": 187,
      "fp": 8,
      "fn": 51
    },
    "Potentially_Malignant": {
      "class_id": 1,
      "precision": 0.5,
      "recall": 0.9411764705882353,
      "f1": 0.6530612244897959,
      "support": 51,
      "tp": 48,
      "fp": 48,
      "fn": 3
    },
    "Malignant": {
      "class_id": 2,
      "precision": 0.8,
      "recall": 0.75,
      "f1": 0.7741935483870969,
      "support": 32,
      "tp": 24,
      "fp": 6,
      "fn": 8
    }
  },
  "confusion_matrix": [
    [
      187,
      46,
      5
    ],
    [
      2,
      48,
      1
    ],
    [
      6,
      2,
      24
    ]
  ]
}