{
  "tag": "eval/classification",
  "num_samples": 514,
  "accuracy": 0.7217898832684825,
  "macro_precision": 0.6813757474720886,
  "macro_recall": 0.7000020679956985,
  "macro_f1": 0.689474907171432,
  "weighted_precision": 0.7295446126592559,
  "weighted_recall": 0.7217898832684825,
  "weighted_f1": 0.7247115736739695,
  "labels": [
    0,
    1,
    2
  ],
  "class_names": [
    "Benign",
    "Potentially_Malignant",
    "Malignant"
  ],
  "per_class": {
    "Benign": {
      "class_id": 0,
      "precision": 0.8282442748091603,
      "recall": 0.775,
      "f1": 0.8007380073800738,
      "support": 280,
      "tp": 217,
      "fp": 45,
      "fn": 63
    },
    "Potentially_Malignant": {
      "class_id": 1,
      "precision": 0.6181818181818182,
      "recall": 0.6496815286624203,
      "f1": 0.6335403726708075,
      "support": 157,
      "tp": 102,
      "fp": 63,
      "fn": 55
    },
    "Malignant": {
      "class_id": 2,
      "precision": 0.5977011494252874,
      "recall": 0.6753246753246753,
      "f1": 0.6341463414634148,
      "support": 77,
      "tp": 52,
      "fp": 35,
      "fn": 25
    }
  },
  "confusion_matrix": [
    [
      217,
      53,
      10
    ],
    [
      30,
      102,
      25
    ],
    [
      15,
      10,
      52
    ]
  ]
}