{
  "tag": "eval/classification",
  "num_samples": 637,
  "accuracy": 0.7488226059654631,
  "macro_precision": 0.7218625812191348,
  "macro_recall": 0.7224115063105091,
  "macro_f1": 0.718706936468544,
  "weighted_precision": 0.7461276134224702,
  "weighted_recall": 0.7488226059654631,
  "weighted_f1": 0.744414464463878,
  "labels": [
    0,
    1,
    2
  ],
  "class_names": [
    "Benign",
    "Potentially_Malignant",
    "Malignant"
  ],
  "per_class": {
    "Benign": {
      "class_id": 0,
      "precision": 0.7887700534759359,
      "recall": 0.8477011494252874,
      "f1": 0.8171745152354571,
      "support": 348,
      "tp": 295,
      "fp": 79,
      "fn": 53
    },
    "Potentially_Malignant": {
      "class_id": 1,
      "precision": 0.7070063694267515,
      "recall": 0.5721649484536082,
      "f1": 0.6324786324786326,
      "support": 194,
      "tp": 111,
      "fp": 46,
      "fn": 83
    },
    "Malignant": {
      "class_id": 2,
      "precision": 0.6698113207547169,
      "recall": 0.7473684210526316,
      "f1": 0.7064676616915423,
      "support": 95,
      "tp": 71,
      "fp": 35,
      "fn": 24
    }
  },
  "confusion_matrix": [
    [
      295,
      42,
      11
    ],
    [
      59,
      111,
      24
    ],
    [
      20,
      4,
      71
    ]
  ]
}