{
  "tag": "eval/unlearning/forget_classification",
  "num_samples": 106,
  "accuracy": 0.41509433962264153,
  "macro_precision": 0.46041055718475077,
  "macro_recall": 0.5155555555555555,
  "macro_f1": 0.37790655884995505,
  "weighted_precision": 0.7203010014939413,
  "weighted_recall": 0.41509433962264153,
  "weighted_f1": 0.47900650968824693,
  "labels": [
    0,
    1,
    2
  ],
  "class_names": [
    "Benign",
    "Potentially_Malignant",
    "Malignant"
  ],
  "per_class": {
    "Benign": {
      "class_id": 0,
      "precision": 0.09090909090909091,
      "recall": 0.6666666666666666,
      "f1": 0.16,
      "support": 6,
      "tp": 4,
      "fp": 40,
      "fn": 2
    },
    "Potentially_Malignant": {
      "class_id": 1,
      "precision": 0.8709677419354839,
      "recall": 0.36,
      "f1": 0.5094339622641509,
      "support": 75,
      "tp": 27,
      "fp": 4,
      "fn": 48
    },
    "Malignant": {
      "class_id": 2,
      "precision": 0.41935483870967744,
      "recall": 0.52,
      "f1": 0.46428571428571425,
      "support": 25,
      "tp": 13,
      "fp": 18,
      "fn": 12
    }
  },
  "confusion_matrix": [
    [
      4,
      2,
      0
    ],
    [
      30,
      27,
      18
    ],
    [
      10,
      2,
      13
    ]
  ]
}