{
  "tag": "eval/unlearning/forget_classification",
  "num_samples": 320,
  "accuracy": 0.740625,
  "macro_precision": 0.7595913240906236,
  "macro_recall": 0.8324075003345377,
  "macro_f1": 0.7475717896531643,
  "weighted_precision": 0.8696631201391238,
  "weighted_recall": 0.740625,
  "weighted_f1": 0.7658628266781937,
  "labels": [
    0,
    1,
    2
  ],
  "class_names": [
    "Benign",
    "Potentially_Malignant",
    "Malignant"
  ],
  "per_class": {
    "Benign": {
      "class_id": 0,
      "precision": 0.9693251533742331,
      "recall": 0.6723404255319149,
      "f1": 0.793969849246231,
      "support": 235,
      "tp": 158,
      "fp": 5,
      "fn": 77
    },
    "Potentially_Malignant": {
      "class_id": 1,
      "precision": 0.4094488188976378,
      "recall": 0.9811320754716981,
      "f1": 0.5777777777777777,
      "support": 53,
      "tp": 52,
      "fp": 75,
      "fn": 1
    },
    "Malignant": {
      "class_id": 2,
      "precision": 0.9,
      "recall": 0.84375,
      "f1": 0.870967741935484,
      "support": 32,
      "tp": 27,
      "fp": 3,
      "fn": 5
    }
  },
  "confusion_matrix": [
    [
      158,
      74,
      3
    ],
    [
      1,
      52,
      0
    ],
    [
      4,
      1,
      27
    ]
  ]
}