{
  "tag": "eval/classification",
  "num_samples": 637,
  "accuracy": 0.6609105180533752,
  "macro_precision": 0.6621940695262172,
  "macro_recall": 0.6889823355639959,
  "macro_f1": 0.6558457842822354,
  "weighted_precision": 0.7226772496048455,
  "weighted_recall": 0.6609105180533752,
  "weighted_f1": 0.6675506244299013,
  "labels": [
    0,
    1,
    2
  ],
  "class_names": [
    "Benign",
    "Potentially_Malignant",
    "Malignant"
  ],
  "per_class": {
    "Benign": {
      "class_id": 0,
      "precision": 0.871244635193133,
      "recall": 0.5833333333333334,
      "f1": 0.6987951807228915,
      "support": 348,
      "tp": 203,
      "fp": 30,
      "fn": 145
    },
    "Potentially_Malignant": {
      "class_id": 1,
      "precision": 0.5171232876712328,
      "recall": 0.7783505154639175,
      "f1": 0.6213991769547326,
      "support": 194,
      "tp": 151,
      "fp": 141,
      "fn": 43
    },
    "Malignant": {
      "class_id": 2,
      "precision": 0.5982142857142857,
      "recall": 0.7052631578947368,
      "f1": 0.6473429951690822,
      "support": 95,
      "tp": 67,
      "fp": 45,
      "fn": 28
    }
  },
  "confusion_matrix": [
    [
      203,
      120,
      25
    ],
    [
      23,
      151,
      20
    ],
    [
      7,
      21,
      67
    ]
  ]
}