{
  "tag": "eval/classification",
  "num_samples": 637,
  "accuracy": 0.41601255886970173,
  "macro_precision": 0.576684155216764,
  "macro_recall": 0.5447812266773107,
  "macro_f1": 0.4276950396852519,
  "weighted_precision": 0.6077298717993039,
  "weighted_recall": 0.41601255886970173,
  "weighted_f1": 0.32431950893338357,
  "labels": [
    0,
    1,
    2
  ],
  "class_names": [
    "Benign",
    "Potentially_Malignant",
    "Malignant"
  ],
  "per_class": {
    "Benign": {
      "class_id": 0,
      "precision": 0.7428571428571429,
      "recall": 0.07471264367816093,
      "f1": 0.13577023498694518,
      "support": 348,
      "tp": 26,
      "fp": 9,
      "fn": 322
    },
    "Potentially_Malignant": {
      "class_id": 1,
      "precision": 0.35177865612648224,
      "recall": 0.9175257731958762,
      "f1": 0.5085714285714286,
      "support": 194,
      "tp": 178,
      "fp": 328,
      "fn": 16
    },
    "Malignant": {
      "class_id": 2,
      "precision": 0.6354166666666666,
      "recall": 0.6421052631578947,
      "f1": 0.6387434554973821,
      "support": 95,
      "tp": 61,
      "fp": 35,
      "fn": 34
    }
  },
  "confusion_matrix": [
    [
      26,
      297,
      25
    ],
    [
      6,
      178,
      10
    ],
    [
      3,
      31,
      61
    ]
  ]
}