{
  "tag": "eval/classification",
  "num_samples": 637,
  "accuracy": 0.7142857142857143,
  "macro_precision": 0.7262243009046574,
  "macro_recall": 0.639822835914291,
  "macro_f1": 0.6473566916439005,
  "weighted_precision": 0.7296437033882573,
  "weighted_recall": 0.7142857142857143,
  "weighted_f1": 0.6854162798255795,
  "labels": [
    0,
    1,
    2
  ],
  "class_names": [
    "Benign",
    "Potentially_Malignant",
    "Malignant"
  ],
  "per_class": {
    "Benign": {
      "class_id": 0,
      "precision": 0.7068965517241379,
      "recall": 0.9425287356321839,
      "f1": 0.8078817733990148,
      "support": 348,
      "tp": 328,
      "fp": 136,
      "fn": 20
    },
    "Potentially_Malignant": {
      "class_id": 1,
      "precision": 0.7976190476190477,
      "recall": 0.34536082474226804,
      "f1": 0.4820143884892087,
      "support": 194,
      "tp": 67,
      "fp": 17,
      "fn": 127
    },
    "Malignant": {
      "class_id": 2,
      "precision": 0.6741573033707865,
      "recall": 0.631578947368421,
      "f1": 0.6521739130434782,
      "support": 95,
      "tp": 60,
      "fp": 29,
      "fn": 35
    }
  },
  "confusion_matrix": [
    [
      328,
      12,
      8
    ],
    [
      106,
      67,
      21
    ],
    [
      30,
      5,
      60
    ]
  ]
}