{
  "tag": "eval/classification",
  "num_samples": 637,
  "accuracy": 0.7441130298273155,
  "macro_precision": 0.72501892385296,
  "macro_recall": 0.6943969415183889,
  "macro_f1": 0.6941771899768715,
  "weighted_precision": 0.7451634118877816,
  "weighted_recall": 0.7441130298273155,
  "weighted_f1": 0.7290175913002707,
  "labels": [
    0,
    1,
    2
  ],
  "class_names": [
    "Benign",
    "Potentially_Malignant",
    "Malignant"
  ],
  "per_class": {
    "Benign": {
      "class_id": 0,
      "precision": 0.762589928057554,
      "recall": 0.9137931034482759,
      "f1": 0.8313725490196079,
      "support": 348,
      "tp": 318,
      "fp": 99,
      "fn": 30
    },
    "Potentially_Malignant": {
      "class_id": 1,
      "precision": 0.7586206896551724,
      "recall": 0.4536082474226804,
      "f1": 0.567741935483871,
      "support": 194,
      "tp": 88,
      "fp": 28,
      "fn": 106
    },
    "Malignant": {
      "class_id": 2,
      "precision": 0.6538461538461539,
      "recall": 0.7157894736842105,
      "f1": 0.6834170854271358,
      "support": 95,
      "tp": 68,
      "fp": 36,
      "fn": 27
    }
  },
  "confusion_matrix": [
    [
      318,
      21,
      9
    ],
    [
      79,
      88,
      27
    ],
    [
      20,
      7,
      68
    ]
  ]
}