{
  "tag": "eval/unlearning/forget_classification",
  "num_samples": 132,
  "accuracy": 0.3181818181818182,
  "macro_precision": 0.4075605680868839,
  "macro_recall": 0.33646953405017915,
  "macro_f1": 0.2944358440541646,
  "weighted_precision": 0.6381303637882585,
  "weighted_recall": 0.3181818181818182,
  "weighted_f1": 0.40199760914542315,
  "labels": [
    0,
    1,
    2
  ],
  "class_names": [
    "Benign",
    "Potentially_Malignant",
    "Malignant"
  ],
  "per_class": {
    "Benign": {
      "class_id": 0,
      "precision": 0.04285714285714286,
      "recall": 0.375,
      "f1": 0.07692307692307691,
      "support": 8,
      "tp": 3,
      "fp": 67,
      "fn": 5
    },
    "Potentially_Malignant": {
      "class_id": 1,
      "precision": 0.7631578947368421,
      "recall": 0.3118279569892473,
      "f1": 0.44274809160305345,
      "support": 93,
      "tp": 29,
      "fp": 9,
      "fn": 64
    },
    "Malignant": {
      "class_id": 2,
      "precision": 0.4166666666666667,
      "recall": 0.3225806451612903,
      "f1": 0.3636363636363636,
      "support": 31,
      "tp": 10,
      "fp": 14,
      "fn": 21
    }
  },
  "confusion_matrix": [
    [
      3,
      4,
      1
    ],
    [
      51,
      29,
      13
    ],
    [
      16,
      5,
      10
    ]
  ]
}