{
  "tag": "eval/classification",
  "num_samples": 637,
  "accuracy": 0.7645211930926217,
  "macro_precision": 0.7588061220273442,
  "macro_recall": 0.7186957796196856,
  "macro_f1": 0.7347223281156866,
  "weighted_precision": 0.7616894985382869,
  "weighted_recall": 0.7645211930926217,
  "weighted_f1": 0.7591957097773692,
  "labels": [
    0,
    1,
    2
  ],
  "class_names": [
    "Benign",
    "Potentially_Malignant",
    "Malignant"
  ],
  "per_class": {
    "Benign": {
      "class_id": 0,
      "precision": 0.7786259541984732,
      "recall": 0.8793103448275862,
      "f1": 0.8259109311740891,
      "support": 348,
      "tp": 306,
      "fp": 87,
      "fn": 42
    },
    "Potentially_Malignant": {
      "class_id": 1,
      "precision": 0.7267080745341615,
      "recall": 0.6030927835051546,
      "f1": 0.6591549295774648,
      "support": 194,
      "tp": 117,
      "fp": 44,
      "fn": 77
    },
    "Malignant": {
      "class_id": 2,
      "precision": 0.7710843373493976,
      "recall": 0.6736842105263158,
      "f1": 0.7191011235955056,
      "support": 95,
      "tp": 64,
      "fp": 19,
      "fn": 31
    }
  },
  "confusion_matrix": [
    [
      306,
      36,
      6
    ],
    [
      64,
      117,
      13
    ],
    [
      23,
      8,
      64
    ]
  ]
}