{
  "tag": "eval/classification",
  "num_samples": 637,
  "accuracy": 0.6593406593406593,
  "macro_precision": 0.6614207675538145,
  "macro_recall": 0.6880244811578656,
  "macro_f1": 0.6546726408641447,
  "weighted_precision": 0.7218365452545643,
  "weighted_recall": 0.6593406593406593,
  "weighted_f1": 0.6659363987102582,
  "labels": [
    0,
    1,
    2
  ],
  "class_names": [
    "Benign",
    "Potentially_Malignant",
    "Malignant"
  ],
  "per_class": {
    "Benign": {
      "class_id": 0,
      "precision": 0.8706896551724138,
      "recall": 0.5804597701149425,
      "f1": 0.6965517241379311,
      "support": 348,
      "tp": 202,
      "fp": 30,
      "fn": 146
    },
    "Potentially_Malignant": {
      "class_id": 1,
      "precision": 0.515358361774744,
      "recall": 0.7783505154639175,
      "f1": 0.6201232032854209,
      "support": 194,
      "tp": 151,
      "fp": 142,
      "fn": 43
    },
    "Malignant": {
      "class_id": 2,
      "precision": 0.5982142857142857,
      "recall": 0.7052631578947368,
      "f1": 0.6473429951690822,
      "support": 95,
      "tp": 67,
      "fp": 45,
      "fn": 28
    }
  },
  "confusion_matrix": [
    [
      202,
      121,
      25
    ],
    [
      23,
      151,
      20
    ],
    [
      7,
      21,
      67
    ]
  ]
}