{
  "tag": "eval/unlearning/forget_classification",
  "num_samples": 320,
  "accuracy": 0.665625,
  "macro_precision": 0.6743765317177326,
  "macro_recall": 0.8163614010437575,
  "macro_f1": 0.6731309109009458,
  "weighted_precision": 0.8510833122968666,
  "weighted_recall": 0.665625,
  "weighted_f1": 0.6906224904595983,
  "labels": [
    0,
    1,
    2
  ],
  "class_names": [
    "Benign",
    "Potentially_Malignant",
    "Malignant"
  ],
  "per_class": {
    "Benign": {
      "class_id": 0,
      "precision": 0.9850746268656716,
      "recall": 0.5617021276595745,
      "f1": 0.7154471544715446,
      "support": 235,
      "tp": 132,
      "fp": 2,
      "fn": 103
    },
    "Potentially_Malignant": {
      "class_id": 1,
      "precision": 0.36363636363636365,
      "recall": 0.9811320754716981,
      "f1": 0.5306122448979592,
      "support": 53,
      "tp": 52,
      "fp": 91,
      "fn": 1
    },
    "Malignant": {
      "class_id": 2,
      "precision": 0.6744186046511628,
      "recall": 0.90625,
      "f1": 0.7733333333333334,
      "support": 32,
      "tp": 29,
      "fp": 14,
      "fn": 3
    }
  },
  "confusion_matrix": [
    [
      132,
      89,
      14
    ],
    [
      1,
      52,
      0
    ],
    [
      1,
      2,
      29
    ]
  ]
}