{
  "tag": "eval/unlearning/remember_classification",
  "num_samples": 426,
  "accuracy": 0.744131455399061,
  "macro_precision": 0.7030489659367397,
  "macro_recall": 0.6842382039989324,
  "macro_f1": 0.6845831067366813,
  "weighted_precision": 0.7445525877283163,
  "weighted_recall": 0.744131455399061,
  "weighted_f1": 0.7356082276883341,
  "labels": [
    0,
    1,
    2
  ],
  "class_names": [
    "Benign",
    "Potentially_Malignant",
    "Malignant"
  ],
  "per_class": {
    "Benign": {
      "class_id": 0,
      "precision": 0.781021897810219,
      "recall": 0.8879668049792531,
      "f1": 0.8310679611650487,
      "support": 241,
      "tp": 214,
      "fp": 60,
      "fn": 27
    },
    "Potentially_Malignant": {
      "class_id": 1,
      "precision": 0.75,
      "recall": 0.515625,
      "f1": 0.6111111111111112,
      "support": 128,
      "tp": 66,
      "fp": 22,
      "fn": 62
    },
    "Malignant": {
      "class_id": 2,
      "precision": 0.578125,
      "recall": 0.6491228070175439,
      "f1": 0.6115702479338843,
      "support": 57,
      "tp": 37,
      "fp": 27,
      "fn": 20
    }
  },
  "confusion_matrix": [
    [
      214,
      20,
      7
    ],
    [
      42,
      66,
      20
    ],
    [
      18,
      2,
      37
    ]
  ]
}