{
  "tag": "eval/unlearning/forget_classification",
  "num_samples": 85,
  "accuracy": 0.7647058823529411,
  "macro_precision": 0.8163398692810456,
  "macro_recall": 0.756060606060606,
  "macro_f1": 0.7649646203863072,
  "weighted_precision": 0.7981084198385235,
  "weighted_recall": 0.7647058823529411,
  "weighted_f1": 0.758961898012217,
  "labels": [
    0,
    1,
    2
  ],
  "class_names": [
    "Benign",
    "Potentially_Malignant",
    "Malignant"
  ],
  "per_class": {
    "Benign": {
      "class_id": 0,
      "precision": 0.6666666666666666,
      "recall": 0.9142857142857143,
      "f1": 0.7710843373493975,
      "support": 35,
      "tp": 32,
      "fp": 16,
      "fn": 3
    },
    "Potentially_Malignant": {
      "class_id": 1,
      "precision": 0.8823529411764706,
      "recall": 0.5357142857142857,
      "f1": 0.6666666666666667,
      "support": 28,
      "tp": 15,
      "fp": 2,
      "fn": 13
    },
    "Malignant": {
      "class_id": 2,
      "precision": 0.9,
      "recall": 0.8181818181818182,
      "f1": 0.8571428571428572,
      "support": 22,
      "tp": 18,
      "fp": 2,
      "fn": 4
    }
  },
  "confusion_matrix": [
    [
      32,
      2,
      1
    ],
    [
      12,
      15,
      1
    ],
    [
      4,
      0,
      18
    ]
  ]
}