{
  "tag": "eval/classification",
  "num_samples": 637,
  "accuracy": 0.7488226059654631,
  "macro_precision": 0.72884515863643,
  "macro_recall": 0.7028136908214369,
  "macro_f1": 0.7062401429528672,
  "weighted_precision": 0.7507197225486527,
  "weighted_recall": 0.7488226059654631,
  "weighted_f1": 0.7400687102726692,
  "labels": [
    0,
    1,
    2
  ],
  "class_names": [
    "Benign",
    "Potentially_Malignant",
    "Malignant"
  ],
  "per_class": {
    "Benign": {
      "class_id": 0,
      "precision": 0.7667493796526055,
      "recall": 0.8879310344827587,
      "f1": 0.8229027962716379,
      "support": 348,
      "tp": 309,
      "fp": 94,
      "fn": 39
    },
    "Potentially_Malignant": {
      "class_id": 1,
      "precision": 0.7727272727272727,
      "recall": 0.5257731958762887,
      "f1": 0.6257668711656441,
      "support": 194,
      "tp": 102,
      "fp": 30,
      "fn": 92
    },
    "Malignant": {
      "class_id": 2,
      "precision": 0.6470588235294118,
      "recall": 0.6947368421052632,
      "f1": 0.6700507614213198,
      "support": 95,
      "tp": 66,
      "fp": 36,
      "fn": 29
    }
  },
  "confusion_matrix": [
    [
      309,
      27,
      12
    ],
    [
      68,
      102,
      24
    ],
    [
      26,
      3,
      66
    ]
  ]
}