{
  "tag": "eval/unlearning/forget_classification",
  "num_samples": 320,
  "accuracy": 0.46875,
  "macro_precision": 0.6083242109104178,
  "macro_recall": 0.7048758865248227,
  "macro_f1": 0.5173092973123511,
  "weighted_precision": 0.8251951200738917,
  "weighted_recall": 0.46875,
  "weighted_f1": 0.47578990785718256,
  "labels": [
    0,
    1,
    2
  ],
  "class_names": [
    "Benign",
    "Potentially_Malignant",
    "Malignant"
  ],
  "per_class": {
    "Benign": {
      "class_id": 0,
      "precision": 0.9861111111111112,
      "recall": 0.3021276595744681,
      "f1": 0.4625407166123779,
      "support": 235,
      "tp": 71,
      "fp": 1,
      "fn": 164
    },
    "Potentially_Malignant": {
      "class_id": 1,
      "precision": 0.26108374384236455,
      "recall": 1.0,
      "f1": 0.4140625,
      "support": 53,
      "tp": 53,
      "fp": 150,
      "fn": 0
    },
    "Malignant": {
      "class_id": 2,
      "precision": 0.5777777777777777,
      "recall": 0.8125,
      "f1": 0.6753246753246752,
      "support": 32,
      "tp": 26,
      "fp": 19,
      "fn": 6
    }
  },
  "confusion_matrix": [
    [
      71,
      145,
      19
    ],
    [
      0,
      53,
      0
    ],
    [
      1,
      5,
      26
    ]
  ]
}