{
  "tag": "eval/classification",
  "num_samples": 637,
  "accuracy": 0.7598116169544741,
  "macro_precision": 0.7535827276501595,
  "macro_recall": 0.7117997476212157,
  "macro_f1": 0.7239661918357978,
  "weighted_precision": 0.760359188930505,
  "weighted_recall": 0.7598116169544741,
  "weighted_f1": 0.750819964175508,
  "labels": [
    0,
    1,
    2
  ],
  "class_names": [
    "Benign",
    "Potentially_Malignant",
    "Malignant"
  ],
  "per_class": {
    "Benign": {
      "class_id": 0,
      "precision": 0.7634146341463415,
      "recall": 0.8994252873563219,
      "f1": 0.8258575197889181,
      "support": 348,
      "tp": 313,
      "fp": 97,
      "fn": 35
    },
    "Potentially_Malignant": {
      "class_id": 1,
      "precision": 0.7720588235294118,
      "recall": 0.5412371134020618,
      "f1": 0.6363636363636364,
      "support": 194,
      "tp": 105,
      "fp": 31,
      "fn": 89
    },
    "Malignant": {
      "class_id": 2,
      "precision": 0.7252747252747253,
      "recall": 0.6947368421052632,
      "f1": 0.7096774193548387,
      "support": 95,
      "tp": 66,
      "fp": 25,
      "fn": 29
    }
  },
  "confusion_matrix": [
    [
      313,
      28,
      7
    ],
    [
      71,
      105,
      18
    ],
    [
      26,
      3,
      66
    ]
  ]
}