{
  "tag": "eval/classification",
  "num_samples": 637,
  "accuracy": 0.7519623233908949,
  "macro_precision": 0.722106860170847,
  "macro_recall": 0.7219969731177095,
  "macro_f1": 0.7191872122250635,
  "weighted_precision": 0.7515040973446157,
  "weighted_recall": 0.7519623233908949,
  "weighted_f1": 0.7492463189517173,
  "labels": [
    0,
    1,
    2
  ],
  "class_names": [
    "Benign",
    "Potentially_Malignant",
    "Malignant"
  ],
  "per_class": {
    "Benign": {
      "class_id": 0,
      "precision": 0.7918918918918919,
      "recall": 0.8419540229885057,
      "f1": 0.8161559888579388,
      "support": 348,
      "tp": 293,
      "fp": 77,
      "fn": 55
    },
    "Potentially_Malignant": {
      "class_id": 1,
      "precision": 0.7329192546583851,
      "recall": 0.6082474226804123,
      "f1": 0.6647887323943662,
      "support": 194,
      "tp": 118,
      "fp": 43,
      "fn": 76
    },
    "Malignant": {
      "class_id": 2,
      "precision": 0.6415094339622641,
      "recall": 0.7157894736842105,
      "f1": 0.6766169154228856,
      "support": 95,
      "tp": 68,
      "fp": 38,
      "fn": 27
    }
  },
  "confusion_matrix": [
    [
      293,
      39,
      16
    ],
    [
      54,
      118,
      22
    ],
    [
      23,
      4,
      68
    ]
  ]
}