{
  "tag": "eval/unlearning/remember_classification",
  "num_samples": 238,
  "accuracy": 0.7016806722689075,
  "macro_precision": 0.6537271448663854,
  "macro_recall": 0.6085639090241695,
  "macro_f1": 0.6042011525062558,
  "weighted_precision": 0.6792637308087791,
  "weighted_recall": 0.7016806722689075,
  "weighted_f1": 0.6707776435347982,
  "labels": [
    0,
    1,
    2
  ],
  "class_names": [
    "Benign",
    "Potentially_Malignant",
    "Malignant"
  ],
  "per_class": {
    "Benign": {
      "class_id": 0,
      "precision": 0.55,
      "recall": 0.21568627450980393,
      "f1": 0.30985915492957744,
      "support": 51,
      "tp": 11,
      "fp": 9,
      "fn": 40
    },
    "Potentially_Malignant": {
      "class_id": 1,
      "precision": 0.7278481012658228,
      "recall": 0.8778625954198473,
      "f1": 0.7958477508650519,
      "support": 131,
      "tp": 115,
      "fp": 43,
      "fn": 16
    },
    "Malignant": {
      "class_id": 2,
      "precision": 0.6833333333333333,
      "recall": 0.7321428571428571,
      "f1": 0.706896551724138,
      "support": 56,
      "tp": 41,
      "fp": 19,
      "fn": 15
    }
  },
  "confusion_matrix": [
    [
      11,
      30,
      10
    ],
    [
      7,
      115,
      9
    ],
    [
      2,
      13,
      41
    ]
  ]
}